Date, Open, High, Low, Close, Volume
12/30/22, 83.12, 84.05, 82.47, 84.00, 62401191
12/29/22, 82.87, 84.55, 82.55, 84.18, 54995898
12/28/22, 82.80, 83.48, 81.69, 81.82, 58228578
12/27/22, 84.97, 85.35, 83.00, 83.04, 57284039
12/23/22, 83.25, 85.78, 82.9344, 85.25, 57433660
12/22/22, 85.52, 85.68, 82.25, 83.79, 81431312
12/21/22, 86.175, 87.225, 85.21, 86.77, 59267160
12/20/22, 85.33, 86.61, 84.33, 85.19, 74348305
12/19/22, 87.51, 87.63, 84.51, 84.92, 83531453
12/16/22, 88.265, 89.35, 86.73, 87.86, 146144094
12/15/22, 89.89, 89.97, 87.47, 88.45, 84802883
12/14/22, 92.502, 93.4581, 89.87, 91.58, 70298008
12/13/22, 95.23, 96.25, 90.52, 92.49, 100212000
12/12/22, 89.21, 90.58, 87.87, 90.55, 61999762
12/09/22, 88.90, 90.30, 88.63, 89.09, 67398516
12/08/22, 89.24, 90.86, 87.88, 90.35, 73305891
12/07/22, 88.34, 89.89, 87.48, 88.46, 68086883
12/06/22, 90.50, 91.04, 87.90, 88.25, 75503633
12/05/22, 93.05, 94.06, 90.82, 91.01, 71535531
12/02/22, 94.475, 95.36, 93.78, 94.13, 72496391
12/01/22, 96.99, 97.23, 94.92, 95.50, 68487969
11/30/22, 92.47, 96.54, 91.525, 96.54, 102805797
11/29/22, 94.04, 94.41, 91.44, 92.42, 65567289
11/28/22, 93.93, 96.40, 93.43, 93.95, 75062320
11/25/22, 93.79, 94.43, 93.065, 93.41, 35088609
11/23/22, 93.24, 94.58, 92.83, 94.13, 59414680
11/22/22, 92.62, 93.35, 90.87, 93.20, 62191961
11/21/22, 93.97, 95.02, 90.59, 92.46, 84330273
11/18/22, 95.95, 95.99, 92.48, 94.14, 72428195
11/17/22, 95.37, 96.97, 94.03, 94.85, 82617875
11/16/22, 96.85, 98.4879, 95.54, 97.12, 87958828
11/15/22, 103.21, 103.79, 97.34, 98.94, 111336305
11/14/22, 98.77, 100.1199, 97.29, 98.49, 99533070
11/11/22, 97.88, 101.19, 96.66, 100.79, 111590492
11/10/22, 92.935, 98.69, 91.65, 96.63, 173414891
11/09/22, 89.47, 89.48, 85.87, 86.14, 90796250
11/08/22, 90.79, 91.72, 88.23, 89.98, 88703367
11/07/22, 91.95, 92.10, 89.04, 90.53, 77495727
11/04/22, 91.49, 92.44, 88.04, 90.98, 129101297
11/03/22, 92.47, 93.50, 89.02, 89.30, 136683297
11/02/22, 97.315, 97.74, 92.01, 92.12, 135761797
11/01/22, 103.99, 104.58, 96.06, 96.79, 153370000
10/31/22, 103.56, 104.87, 100.74, 102.44, 99251398
10/28/22, 97.905, 103.96, 97.66, 103.41, 223133406
10/27/22, 113.92, 114.12, 109.77, 110.96, 129605398
10/26/22, 116.00, 119.3457, 114.76, 115.66, 69002461
10/25/22, 119.65, 121.3152, 118.95, 120.60, 50934609
10/24/22, 119.98, 120.39, 116.57, 119.82, 49531520
10/21/22, 114.792, 119.59, 114.50, 119.32, 55660488
10/20/22, 113.83, 118.24, 113.51, 115.25, 48795102
10/19/22, 114.71, 116.5932, 113.22, 115.07, 47198121
10/18/22, 119.06, 119.52, 114.79, 116.36, 65607445
10/17/22, 110.11, 114.19, 110.09, 113.79, 62781992
10/14/22, 114.10, 114.96, 106.60, 106.90, 67737344
10/13/22, 107.88, 113.44, 105.345, 112.53, 86868094
10/12/22, 112.49, 113.83, 111.40, 112.90, 45728660
10/11/22, 112.71, 115.48, 110.39, 112.21, 56432230
10/10/22, 115.10, 116.25, 112.43, 113.67, 42339680
10/07/22, 118.00, 118.17, 113.88, 114.56, 54677980
10/06/22, 120.77, 121.53, 119.50, 120.30, 42253762
10/05/22, 118.58, 121.75, 117.69, 120.95, 48217539
10/04/22, 119.89, 123.00, 119.79, 121.09, 62812559
10/03/22, 113.58, 116.91, 112.45, 115.88, 50941848
09/30/22, 114.075, 116.92, 112.84, 113.00, 59479594
09/29/22, 115.60, 116.07, 113.06, 114.80, 58969711
09/28/22, 114.38, 118.70, 113.80, 118.01, 55763754
09/27/22, 117.195, 118.32, 113.05, 114.41, 60094688
09/26/22, 113.295, 117.34, 113.13, 115.15, 62723273
09/23/22, 116.00, 116.05, 112.06, 113.78, 65126672
09/22/22, 117.08, 118.79, 116.26, 117.31, 55229191
09/21/22, 122.49, 123.76, 118.45, 118.54, 58498887
09/20/22, 123.35, 124.3963, 121.14, 122.19, 47698434
09/19/22, 122.16, 124.71, 121.80, 124.66, 47279727
09/16/22, 122.78, 123.87, 120.70, 123.53, 115667797
09/15/22, 127.38, 130.37, 125.495, 126.28, 52887199
09/14/22, 127.364, 128.84, 126.33, 128.55, 45316770
09/13/22, 131.01, 131.40, 126.27, 126.82, 72694008
09/12/22, 134.095, 136.49, 134.00, 136.45, 53826859
09/09/22, 130.91, 133.69, 130.76, 133.27, 49422262
09/08/22, 127.72, 130.28, 127.10, 129.82, 43988512
09/07/22, 126.12, 129.82, 125.40, 129.48, 47834488
09/06/22, 127.92, 128.62, 124.74, 126.11, 43888594
09/02/22, 129.50, 131.38, 126.39, 127.51, 57429832
09/01/22, 126.00, 128.02, 123.66, 127.82, 56636152
08/31/22, 129.45, 130.59, 126.74, 126.77, 53648699
08/30/22, 131.25, 132.0745, 126.85, 128.73, 49202992
08/29/22, 129.90, 131.9499, 128.77, 129.79, 48101641
08/26/22, 136.55, 137.83, 130.50, 130.75, 53322660
08/25/22, 135.26, 137.42, 134.28, 137.28, 37496281
08/24/22, 132.75, 135.47, 132.10, 133.80, 38626980
08/23/22, 133.41, 134.99, 132.95, 133.62, 36252102
08/22/22, 135.72, 136.32, 132.85, 133.22, 50461500
08/19/22, 140.47, 141.11, 137.9142, 138.23, 47792840
08/18/22, 141.32, 142.77, 140.38, 142.30, 37458738
08/17/22, 142.69, 143.38, 140.78, 142.10, 48149781
08/16/22, 143.905, 146.57, 142.00, 144.78, 59102859
08/15/22, 142.80, 143.76, 141.49, 143.18, 39014578
08/12/22, 142.05, 143.57, 140.1201, 143.55, 47643480
08/11/22, 143.86, 144.49, 139.76, 140.64, 44867340
08/10/22, 142.90, 144.60, 141.01, 142.69, 54773820
08/09/22, 138.052, 138.9523, 136.21, 137.83, 40434719
08/08/22, 142.05, 144.23, 138.29, 139.41, 52303480
08/05/22, 140.10, 142.86, 139.60, 140.80, 50686871
08/04/22, 140.58, 143.56, 139.55, 142.57, 70585023
08/03/22, 136.21, 140.49, 136.05, 139.52, 71827773
08/02/22, 134.72, 137.44, 134.09, 134.16, 61922434
08/01/22, 134.96, 138.8339, 133.51, 135.39, 76846914
07/29/22, 134.90, 137.65, 132.41, 134.95, 148892891
07/28/22, 121.57, 122.84, 118.08, 122.28, 82245539
07/27/22, 117.31, 121.90, 117.16, 120.97, 61582020
07/26/22, 115.79, 118.15, 114.53, 114.81, 67075062
07/25/22, 122.695, 123.64, 120.03, 121.14, 50221262
07/22/22, 125.01, 125.50, 121.3504, 122.42, 51463801
07/21/22, 123.20, 124.85, 121.26, 124.63, 60239887
07/20/22, 118.615, 123.475, 118.32, 122.77, 71268320
07/19/22, 115.70, 118.95, 114.03, 118.21, 60990039
07/18/22, 115.00, 117.24, 113.15, 113.76, 59115422
07/15/22, 112.50, 115.59, 111.59, 113.55, 84317820
07/14/22, 110.24, 111.18, 107.58, 110.63, 51163141
07/13/22, 107.03, 111.78, 106.01, 110.40, 61353809
07/12/22, 112.16, 113.23, 108.34, 109.22, 54280262
07/11/22, 114.08, 114.30, 110.87, 111.75, 53540020
07/08/22, 114.60, 116.58, 113.69, 115.54, 45719688
07/07/22, 113.85, 116.99, 113.49, 116.33, 57872320
07/06/22, 113.21, 115.48, 112.01, 114.33, 66958883
07/05/22, 107.60, 114.08, 106.3242, 113.50, 76684406
07/01/22, 106.29, 109.75, 105.8469, 109.56, 73021172
06/30/22, 108.11, 108.18, 102.52, 106.21, 97679398
06/29/22, 107.38, 110.99, 106.91, 108.92, 66375344
06/28/22, 113.50, 114.85, 107.04, 107.40, 75172031
06/27/22, 117.09, 117.98, 112.70, 113.22, 62133238
06/24/22, 112.38, 116.71, 111.43, 116.46, 69867617
06/23/22, 110.39, 113.00, 107.93, 112.44, 64345301
06/22/22, 107.43, 112.13, 107.02, 108.95, 60040129
06/21/22, 108.20, 111.6299, 103.56, 108.68, 70901250
06/17/22, 102.80, 106.98, 102.51, 106.22, 99772148
06/16/22, 104.47, 104.58, 102.01, 103.66, 82186305
06/15/22, 103.86, 109.06, 103.53, 107.67, 85011055
06/14/22, 104.19, 104.88, 101.43, 102.31, 69728758
06/13/22, 104.19, 106.54, 101.86, 103.67, 99277742
06/10/22, 113.415, 114.50, 109.05, 109.65, 87412250
06/09/22, 119.99, 121.30, 116.10, 116.15, 67029844
06/08/22, 122.61, 123.75, 120.75, 121.18, 64926594
06/07/22, 122.005, 124.10, 120.63, 123.00, 85156711
06/06/22, 125.245, 128.99, 123.81, 124.79, 135268984
06/03/22, 124.20, 124.40, 121.0465, 122.35, 97603318.6335536
06/02/22, 121.684, 125.61, 120.045, 125.511, 100560678.592151
06/01/22, 122.256, 125.179, 120.6223, 121.684, 127528978.214594
05/31/22, 116.28, 121.9945, 115.675, 120.2095, 144634157.975122
05/27/22, 113.55, 115.187, 112.628, 115.1465, 93660158.6887578
05/26/22, 107.97, 112.6655, 107.4535, 111.0775, 93002598.6979636
05/25/22, 103.6555, 108.175, 103.65, 106.775, 93120098.6963186
05/24/22, 104.025, 105.40, 101.26, 104.10, 102934678.558915
05/23/22, 108.461, 108.8188, 103.95, 107.557, 107797358.490837
05/20/22, 109.5685, 109.898, 105.0094, 107.591, 99500638.6069911
05/19/22, 106.2805, 110.034, 106.1929, 107.319, 88142538.7660044
05/18/22, 111.4395, 112.853, 106.2488, 107.1125, 108379178.482692
05/17/22, 113.275, 115.80, 111.2765, 115.3685, 76447738.9297317
05/16/22, 113.10, 113.9925, 110.3542, 110.8105, 74565738.9560796
05/13/22, 109.069, 113.184, 107.80, 113.055, 93684558.6884162
05/12/22, 102.75, 110.7808, 102.4055, 106.9305, 132025138.151648
05/11/22, 108.1035, 110.156, 104.4285, 105.372, 109703638.464149
05/10/22, 111.25, 112.6425, 107.171, 108.859, 105433818.523927
05/09/22, 111.3125, 114.00, 107.957, 108.789, 128124378.206259
05/06/22, 114.85, 119.0505, 113.0813, 114.7725, 124259898.260361
05/05/22, 123.00, 123.499, 115.0725, 116.407, 144391217.978523
05/04/22, 123.60, 126.00, 119.183, 125.9285, 110745358.449565
05/03/22, 124.0535, 126.2205, 122.825, 124.2535, 79133358.892133
05/02/22, 122.401, 124.6683, 118.375, 124.50, 148788977.916954
04/29/22, 129.849, 130.761, 121.625, 124.2815, 272661796.182735
04/28/22, 142.178, 145.9375, 140.30, 144.5965, 117316938.357563
04/27/22, 140.1915, 141.9485, 135.7835, 138.167, 71336299.0012918
04/26/22, 144.80, 144.8558, 138.9295, 139.391, 77529158.9145918
04/25/22, 144.023, 146.2215, 142.3066, 146.074, 61874979.1337503
04/22/22, 148.25, 149.615, 143.6975, 144.35, 73078578.9768999
04/21/22, 154.714, 156.738, 147.5895, 148.296, 63969319.1044295
04/20/22, 157.6025, 157.6025, 153.6035, 153.998, 59630019.1651797
04/19/22, 152.0295, 158.649, 151.5505, 158.1155, 54926419.2310301
04/18/22, 151.5235, 154.0395, 150.2505, 152.785, 46513519.3488107
04/14/22, 155.39, 155.897, 151.4718, 151.7065, 51598139.277626
04/13/22, 150.0185, 156.025, 149.60, 155.541, 53390879.2525277
04/12/22, 153.6925, 155.099, 150.383, 150.7875, 55177439.2275159
04/11/22, 152.713, 154.1365, 150.5345, 151.122, 52112339.2704273
04/08/22, 156.75, 157.3685, 154.2308, 154.4605, 46001659.3559768
04/07/22, 158.40, 160.079, 154.5115, 157.7845, 68136779.0460851
04/06/22, 161.6505, 162.20, 157.2545, 158.756, 79055758.8932194
04/05/22, 167.7415, 168.1105, 163.266, 164.055, 53728559.2478002
04/04/22, 164.125, 168.3945, 163.2055, 168.3465, 50007959.2998886
04/01/22, 164.1495, 165.827, 162.3195, 163.56, 57089499.200747
03/31/22, 166.4448, 166.495, 162.9535, 162.9975, 59965779.1604791
03/30/22, 168.5095, 168.9505, 165.50, 166.301, 56167259.2136584
03/29/22, 170.384, 170.8315, 167.8685, 169.315, 66153599.0738496
03/28/22, 164.975, 169.0375, 164.90, 168.9905, 59853819.1620465
03/25/22, 164.00, 165.3685, 162.25, 164.7735, 49085499.312803
03/24/22, 163.7495, 164.1185, 160.05, 163.6495, 56798059.2048272
03/23/22, 163.705, 166.37, 162.687, 163.408, 55811859.218634
03/22/22, 161.8055, 166.167, 161.699, 164.889, 64086119.1027943
03/21/22, 161.1208, 163.084, 159.553, 161.4915, 66537519.0684747
03/18/22, 156.813, 161.594, 156.011, 161.2505, 102962758.558521
03/17/22, 152.6405, 157.4985, 152.14, 157.239, 72934838.9789123
03/16/22, 148.50, 153.15, 147.3535, 153.104, 84957678.8105925
03/15/22, 142.85, 147.985, 142.00, 147.3665, 75584598.9418156
03/14/22, 145.981, 147.45, 140.884, 141.853, 74086098.9627946
03/11/22, 149.5745, 149.675, 145.369, 145.5245, 68900559.0353922
03/10/22, 145.685, 148.6743, 143.978, 146.8175, 135062898.109119
03/09/22, 139.50, 140.25, 136.828, 139.279, 82656658.8428068
03/08/22, 136.6835, 140.6995, 133.5725, 136.0145, 91662578.7167239
03/07/22, 145.4435, 146.0945, 137.4165, 137.453, 86933858.782926
03/04/22, 147.159, 147.85, 143.807, 145.641, 60983119.1462363
03/03/22, 153.5315, 153.929, 146.856, 147.8985, 65197199.0872392
03/02/22, 150.849, 152.9995, 148.75, 152.0525, 47334719.3373139
03/01/22, 152.7325, 154.099, 149.977, 151.142, 44873579.3717699
02/28/22, 152.425, 154.45, 150.85, 153.563, 57683419.1924321
02/25/22, 150.55, 153.99, 149.2135, 153.7885, 62395359.126465
02/24/22, 139.8375, 151.749, 139.50, 151.358, 100785758.588999
02/23/22, 151.6505, 151.763, 144.651, 144.827, 64243559.1005902
02/22/22, 150.4785, 152.9825, 148.4855, 150.1975, 66128239.0742047
02/18/22, 155.4995, 155.4995, 150.893, 152.6015, 63604099.1095426
02/17/22, 158.146, 160.3488, 154.50, 154.6525, 64032499.103545
02/16/22, 155.7905, 158.834, 154.7345, 158.1005, 52704279.2621401
02/15/22, 157.6055, 158.007, 154.6375, 156.5105, 56970659.2024108
02/14/22, 151.751, 158.4483, 151.65, 155.167, 83230698.8347702
02/11/22, 158.1345, 159.00, 152.7338, 153.2935, 77100438.9205939
02/10/22, 158.35, 160.7165, 157.75, 159.0035, 68268119.0442463
02/09/22, 162.8735, 163.8345, 160.25, 161.1895, 68785599.0370016
02/08/22, 156.7505, 161.7925, 155.5505, 161.4135, 76040358.935435
02/07/22, 158.52, 162.6908, 157.25, 157.9355, 102624378.563259
02/04/22, 155.6065, 161.20, 150.608, 157.6395, 253455796.451619
02/03/22, 141.7375, 144.2475, 138.333, 138.8455, 225531396.84256
02/02/22, 155.0505, 155.075, 148.8636, 150.6125, 87329758.7773834
02/01/22, 150.00, 151.708, 147.6278, 151.1935, 59219839.1709223
01/31/22, 144.75, 150.3605, 144.3005, 149.5735, 78307438.9036959
01/28/22, 140.8605, 143.998, 137.9293, 143.978, 74391978.9585123
01/27/22, 140.80, 144.2435, 139.35, 139.6375, 77515798.9147788
01/26/22, 144.75, 145.1848, 137.3185, 138.8725, 95601698.6615762
01/25/22, 142.2425, 143.60, 138.145, 139.986, 90824658.7284548
01/24/22, 139.00, 144.945, 135.352, 144.544, 156044737.815374
01/21/22, 149.95, 150.90, 142.0704, 142.643, 163971437.7044
01/20/22, 156.766, 158.00, 151.351, 151.6675, 71973318.9923736
01/19/22, 158.762, 159.25, 156.25, 156.299, 53241919.2546131
01/18/22, 159.105, 159.7345, 157.6645, 158.9175, 67441439.0558198
01/14/22, 160.15, 162.25, 159.8005, 162.138, 45974859.356352
01/13/22, 165.2505, 166.2215, 161.091, 161.214, 52188299.2693638
01/12/22, 166.575, 166.878, 164.417, 165.207, 50029119.2995923
01/11/22, 161.50, 166.35, 160.7015, 165.362, 62805579.1207219
01/10/22, 160.5855, 161.6615, 156.3045, 161.486, 87798298.7708238
01/07/22, 163.839, 165.2433, 162.031, 162.554, 46605899.3475174
01/06/22, 163.4505, 164.80, 161.9372, 163.254, 51957779.2725911
01/05/22, 166.883, 167.1263, 164.357, 164.357, 64302719.0997619
01/04/22, 170.438, 171.40, 166.3495, 167.522, 70725159.0098478
01/03/22, 167.55, 170.7035, 166.1605, 170.4045, 63869139.105832
12/31/21, 168.956, 169.35, 166.5585, 166.717, 47830379.3303747
12/30/21, 169.70, 170.888, 168.524, 168.6445, 37583099.4738366
12/29/21, 170.84, 171.212, 168.6005, 169.201, 35754039.4994434
12/28/21, 170.1825, 172.1759, 169.1355, 170.661, 54711859.234034
12/27/21, 171.037, 172.943, 169.2155, 169.6695, 58846819.1761445
12/23/21, 170.428, 171.975, 170.15, 171.0685, 36788239.4849646
12/22/21, 169.2698, 172.05, 168.5005, 171.037, 55035459.2295036
12/21/21, 167.8505, 170.7165, 165.6475, 170.417, 55955819.2166185
12/20/21, 166.85, 167.8743, 165.60, 167.079, 57372659.1967828
12/17/21, 167.7105, 170.8985, 165.6136, 170.0175, 85755158.7994278
12/16/21, 173.3686, 174.166, 168.1603, 168.871, 60876839.1477242
12/15/21, 168.598, 173.60, 165.195, 173.315, 75794258.9388804
12/14/21, 167.55, 169.499, 166.44, 169.0915, 55975279.2163461
12/13/21, 172.00, 172.10, 169.13, 169.5675, 62168999.129634
12/10/21, 175.417, 175.927, 170.50, 172.212, 60689759.1503434
12/09/21, 175.75, 176.9695, 174.1395, 174.171, 46061819.3551345
12/08/21, 176.1505, 177.18, 174.7505, 176.158, 45253659.3664488
12/07/21, 174.60, 177.4995, 173.3345, 176.1645, 66410719.0702499
12/06/21, 169.65, 173.6955, 166.9345, 171.3685, 68859999.03596
12/03/21, 172.75, 173.4933, 166.93, 169.4895, 80710998.870046
12/02/21, 173.00, 174.635, 171.1875, 171.868, 64725759.0938394
12/01/21, 177.25, 177.994, 172.08, 172.186, 75139898.9480414
11/30/21, 178.175, 179.2885, 174.6005, 175.3535, 80022138.8796901
11/29/21, 177.3822, 179.80, 176.575, 178.0785, 65311139.0856441
11/26/21, 180.1048, 181.675, 175.2075, 175.228, 59825939.1624369
11/24/21, 178.1335, 180.682, 176.8425, 179.0205, 46560359.348155
11/23/21, 179.252, 181.0525, 176.3855, 179.002, 73844918.9661711
11/22/21, 183.8189, 185.6728, 178.375, 178.6285, 96956998.642602
11/19/21, 185.6345, 188.1073, 183.786, 183.8285, 98924058.6150632
11/18/21, 178.3175, 185.21, 178.05, 184.803, 114070758.403009
11/17/21, 178.236, 179.3623, 177.2675, 177.45, 51205399.2831244
11/16/21, 176.95, 178.825, 176.2573, 177.035, 44341419.3792201
11/15/21, 176.85, 179.694, 176.2905, 177.284, 58594379.1796787
11/12/21, 174.25, 177.0363, 172.3525, 176.2575, 53788679.2469585
11/11/21, 175.65, 177.162, 173.3735, 173.625, 45288119.3659663
11/10/21, 178.1935, 180.2725, 173.1545, 174.1025, 80548438.8723219
11/09/21, 175.7625, 179.6885, 175.0713, 178.8115, 85898438.7974219
11/08/21, 176.162, 178.95, 174.393, 174.449, 61479839.1392823
11/05/21, 173.85, 178.3125, 173.849, 175.9495, 99939018.6008537
11/04/21, 168.50, 174.9313, 168.25, 173.85, 107060398.501154
11/03/21, 165.45, 169.746, 164.876, 169.20, 67943779.0487871
11/02/21, 165.7505, 166.5558, 164.1775, 165.6375, 52551799.2642748
11/01/21, 168.09, 168.793, 164.601, 165.9055, 72177578.9895139
10/29/21, 165.001, 168.741, 163.666, 168.6215, 129721538.183898
10/28/21, 170.1048, 173.95, 169.30, 172.3285, 114174658.401555
10/27/21, 169.40, 171.85, 168.5727, 169.6245, 54044479.2433773
10/26/21, 167.4755, 170.806, 167.199, 168.8035, 53966839.2444643
10/25/21, 166.75, 167.39, 164.885, 166.0185, 44519119.3767323
10/22/21, 171.05, 171.492, 166.565, 166.7775, 62781059.1210652
10/21/21, 170.7125, 172.014, 170.15, 171.7505, 37627699.4732122
10/20/21, 172.633, 173.143, 170.0185, 170.753, 42795539.4008624
10/19/21, 171.7145, 172.7345, 171.10, 172.2075, 47721579.3318979
10/18/21, 169.4179, 172.4585, 169.255, 172.337, 63482299.1112478
10/15/21, 165.571, 170.521, 165.20, 170.451, 103598818.549617
10/14/21, 165.1227, 165.63, 164.539, 164.993, 42240399.4086344
10/13/21, 163.4855, 164.419, 163.0545, 164.214, 48501719.3209759
10/12/21, 162.85, 163.3764, 161.814, 162.3665, 36391419.4905201
10/11/21, 163.75, 164.6295, 161.905, 162.315, 40684059.4304232
10/08/21, 165.85, 166.0715, 164.41, 164.431, 39964339.4404993
10/07/21, 164.577, 166.2873, 164.153, 165.1215, 48181499.325459
10/06/21, 160.6765, 163.217, 159.931, 163.1005, 50659539.2907665
10/05/21, 160.225, 163.0365, 160.1232, 161.05, 65384159.0846218
10/04/21, 163.9695, 163.9995, 158.8125, 159.489, 90461138.7335441
10/01/21, 164.4505, 165.4588, 162.797, 164.163, 56712339.2060272
09/30/21, 165.80, 166.3925, 163.6995, 164.252, 56940659.2028308
09/29/21, 166.1055, 167.565, 164.8935, 165.056, 51245359.282565
09/28/21, 167.8855, 168.4595, 164.505, 165.798, 88616378.7593707
09/27/21, 168.575, 170.7785, 166.9805, 170.29, 72688998.982354
09/24/21, 170.1005, 171.463, 169.67, 171.276, 42324819.4074525
09/23/21, 169.0025, 171.448, 169.0025, 170.80, 47588279.3337641
09/22/21, 167.55, 169.45, 167.0525, 169.0025, 48228059.3248072
09/21/21, 168.75, 168.985, 166.6195, 167.1815, 55617559.2213542
09/20/21, 169.80, 170.95, 165.2505, 167.7865, 93382598.6926436
09/17/21, 174.4208, 174.8705, 172.6065, 173.126, 92331118.7073644
09/16/21, 172.998, 174.6275, 172.3072, 174.412, 51671959.2765926
09/15/21, 172.126, 174.271, 170.1005, 173.7895, 59150739.1718896
09/14/21, 173.7775, 174.3403, 171.8855, 172.50, 38737939.4576688
09/13/21, 174.14, 174.898, 171.90, 172.8585, 51380439.2806739
09/10/21, 175.0916, 175.4225, 173.1453, 173.4575, 47945379.3287647
09/09/21, 176.301, 177.4995, 174.0185, 174.208, 54384819.2386125
09/08/21, 175.5825, 177.2815, 174.7835, 176.275, 61067279.1450581
09/07/21, 173.90, 176.4045, 173.847, 175.4645, 54823679.2324685
09/03/21, 172.60, 174.1335, 171.822, 173.9025, 51566479.2780693
09/02/21, 174.738, 175.5981, 172.75, 173.156, 58511879.1808337
09/01/21, 174.8198, 176.35, 173.762, 173.95, 72598218.9836249
08/31/21, 171.24, 173.629, 169.7795, 173.5395, 87128258.7802044
08/30/21, 167.8713, 172.25, 167.761, 171.0785, 63844879.1061717
08/27/21, 166.6615, 167.616, 165.6875, 167.4815, 48047379.3273367
08/26/21, 164.95, 166.60, 164.80, 165.80, 41975219.4123469
08/25/21, 165.4935, 166.05, 164.3075, 164.959, 33606119.5295143
08/24/21, 164.00, 165.7747, 163.729, 165.289, 51036819.2854845
08/23/21, 160.595, 164.045, 160.5003, 163.2935, 65362619.0849233
08/20/21, 160.1937, 160.3905, 158.788, 159.9975, 67168559.0596402
08/19/21, 159.701, 161.65, 159.1232, 159.3875, 75657238.9407986
08/18/21, 162.0995, 162.7049, 160.00, 160.061, 56086219.2147929
08/17/21, 163.875, 164.0245, 161.284, 162.098, 67758439.0513819
08/16/21, 164.15, 165.00, 160.5565, 164.9495, 66569879.0680217
08/13/21, 165.2835, 165.3033, 164.15, 164.6985, 41133979.4241243
08/12/21, 164.50, 165.7255, 163.4835, 165.175, 46476459.3493296
08/11/21, 166.5724, 166.885, 163.8895, 164.6055, 58944979.1747703
08/10/21, 167.2505, 167.90, 165.75, 166.034, 48251019.3244857
08/09/21, 167.1805, 167.744, 166.426, 167.0935, 42964399.3984984
08/06/21, 168.75, 168.75, 166.4519, 167.247, 52752879.2614597
08/05/21, 167.811, 169.45, 167.046, 168.7995, 48670059.3186192
08/04/21, 168.9675, 169.444, 167.278, 167.736, 43678899.3884954
08/03/21, 167.036, 169.55, 164.9885, 168.312, 83146858.835944
08/02/21, 167.655, 167.946, 165.85, 166.574, 67078299.0609038
07/30/21, 167.3975, 168.407, 165.349, 166.3795, 199311857.209634
07/29/21, 181.3875, 181.8975, 179.0005, 179.996, 110399038.454413
07/28/21, 181.689, 182.921, 180.05, 181.516, 59987559.1601742
07/27/21, 184.925, 184.925, 179.3075, 181.3195, 82637798.8430708
07/26/21, 183.6585, 185.604, 182.3625, 184.991, 58001359.187981
07/23/21, 182.00, 183.3055, 181.102, 182.832, 48725839.3178382
07/22/21, 179.3615, 182.001, 179.1135, 181.9015, 65307039.0857015
07/21/21, 178.8188, 179.3225, 177.1821, 179.26, 46379779.3506831
07/20/21, 178.366, 179.60, 175.90, 178.6595, 65113599.0884096
07/19/21, 176.629, 177.5105, 174.958, 177.4795, 75691898.9403134
07/16/21, 181.6655, 182.303, 178.5228, 178.6815, 80874118.8677624
07/15/21, 184.71, 184.77, 181.046, 181.56, 63705839.1081183
07/14/21, 185.4425, 185.883, 183.0414, 184.084, 65931359.076961
07/13/21, 185.105, 188.6539, 183.566, 183.868, 76918338.9231433
07/12/21, 187.20, 187.8645, 184.8397, 185.9275, 51432699.2799422
07/09/21, 186.126, 187.40, 184.6699, 185.967, 74964738.9504936
07/08/21, 182.178, 187.9993, 181.056, 186.5705, 103612458.549426
07/07/21, 185.8689, 186.71, 183.9455, 184.829, 106561238.508143
07/06/21, 176.5055, 184.274, 176.45, 183.787, 134895358.111465
07/02/21, 172.582, 175.586, 171.846, 175.549, 63533939.1105248
07/01/21, 171.7305, 172.85, 170.4711, 171.6485, 40741059.4296252
06/30/21, 172.053, 173.5801, 171.75, 172.008, 48079839.3268822
06/29/21, 171.941, 172.8015, 171.1515, 172.407, 41968779.4124371
06/28/21, 170.80, 172.40, 170.6755, 172.1945, 44855859.372018
06/25/21, 173.20, 173.241, 169.709, 170.073, 78819938.8965209
06/24/21, 175.382, 176.243, 171.5425, 172.454, 76639978.9270403
06/23/21, 175.25, 176.05, 174.16, 175.191, 56266819.2122645
06/22/21, 172.903, 176.189, 172.8045, 175.272, 66901639.0633771
06/21/21, 173.821, 174.10, 171.70, 172.698, 65542599.0824036
06/18/21, 173.9995, 175.35, 173.6855, 174.345, 104954738.530634
06/17/21, 170.159, 174.86, 170.05, 174.462, 102730618.561771
06/16/21, 169.60, 171.3175, 168.0265, 170.7625, 84055638.8232211
06/15/21, 169.20, 169.8494, 168.1555, 169.1565, 48523999.320664
06/14/21, 167.3415, 169.25, 166.775, 169.1935, 51393099.2804966
06/11/21, 167.4825, 168.329, 166.6725, 167.3415, 56347039.2111414
06/10/21, 164.1005, 167.55, 164.0575, 167.4825, 69529599.0265856
06/09/21, 163.6435, 164.879, 163.535, 164.0575, 49110599.3124516
06/08/21, 161.1305, 163.9766, 160.9005, 163.2055, 68334599.0433156
06/07/21, 159.8665, 160.40, 158.61, 159.9005, 44315119.3795883
06/04/21, 160.60, 161.05, 159.9405, 160.311, 44994979.3700703
06/03/21, 160.2115, 160.7218, 159.2015, 159.3505, 47965859.328478
06/02/21, 161.155, 161.75, 160.40, 161.6995, 40290479.4359333
06/01/21, 162.1748, 162.549, 160.453, 160.9325, 48600899.3195874
05/28/21, 162.10, 162.3995, 160.985, 161.1535, 46630179.3471775
05/27/21, 162.80, 163.0178, 161.502, 161.5055, 51223139.282876
05/26/21, 163.7296, 164.7865, 162.9255, 163.258, 47679719.3324839
05/25/21, 163.3335, 163.991, 160.688, 162.9525, 65222179.0868895
05/24/21, 160.775, 162.8975, 160.525, 162.2495, 48456259.3216124
05/21/21, 162.50, 162.8348, 159.8505, 160.154, 82097638.8506331
05/20/21, 162.2202, 162.984, 161.809, 162.384, 52663839.2627063
05/19/21, 159.75, 161.7375, 159.20, 161.59, 53594159.2496818
05/18/21, 164.6288, 165.60, 161.5185, 161.614, 56567819.2080505
05/17/21, 162.2965, 164.6375, 161.7295, 163.5195, 73711978.9680323
05/14/21, 159.278, 161.443, 159.15, 161.145, 66500439.0689939
05/13/21, 159.2735, 160.192, 156.65, 158.0735, 67137539.0600745
05/12/21, 159.25, 160.397, 156.655, 157.597, 98728198.6178052
05/11/21, 156.814, 161.90, 156.3685, 161.1955, 92395618.7064614
05/10/21, 164.116, 164.15, 159.50, 159.5245, 116772058.365191
05/07/21, 165.9545, 166.5445, 164.4535, 164.5805, 94205518.6811228
05/06/21, 163.50, 165.72, 162.36, 165.3185, 88953918.7546451
05/05/21, 166.9428, 167.7348, 163.218, 163.527, 74226158.9608338
05/04/21, 167.8095, 168.3988, 163.6065, 165.5935, 108788978.476954
05/03/21, 174.2365, 174.3323, 168.6351, 169.3245, 117510598.354852
04/30/21, 176.256, 177.70, 173.125, 173.371, 140186918.037383
04/29/21, 175.2549, 175.7223, 171.75, 173.5655, 153647617.848933
04/28/21, 171.74, 174.494, 171.25, 172.925, 92637678.7030725
04/27/21, 172.1735, 173.00, 169.9005, 170.8715, 76542798.9284008
04/26/21, 167.40, 171.4225, 166.547, 170.45, 97614158.6334018
04/23/21, 165.955, 168.75, 165.425, 167.044, 63933039.1049375
04/22/21, 168.584, 168.6435, 165.0725, 165.452, 51611799.2774348
04/21/21, 165.80, 168.143, 165.1903, 168.101, 44223319.3808735
04/20/21, 168.68, 169.1495, 165.80, 166.7345, 52460639.265551
04/19/21, 169.5165, 171.7967, 168.008, 168.6005, 54508099.2368866
04/16/21, 169.00, 170.34, 167.7795, 169.972, 63720979.1079063
04/15/21, 168.55, 169.85, 167.60, 168.9545, 64671599.0945976
04/14/21, 170.202, 170.2065, 166.30, 166.65, 62904079.1193429
04/13/21, 170.0423, 171.60, 169.7815, 170.00, 66316739.0715657
04/12/21, 167.7605, 169.752, 167.5575, 168.9695, 65635959.0810966
04/09/21, 165.235, 168.61, 164.445, 168.61, 86829458.7843876
04/08/21, 165.545, 166.225, 164.60, 164.965, 56241799.2126148
04/07/21, 161.69, 165.1807, 161.1825, 163.9695, 66924539.0630564
04/06/21, 161.1875, 162.3655, 160.852, 161.191, 50756179.2894135
04/05/21, 158.65, 161.7978, 158.062, 161.3365, 66697639.066233
04/01/21, 155.897, 158.122, 155.7775, 158.05, 58806359.176711
03/31/21, 153.203, 155.9665, 153.125, 154.704, 61877919.1337091
03/30/21, 153.5005, 153.65, 151.70, 152.7645, 46752059.3454712
03/29/21, 152.772, 154.5625, 151.4223, 153.7865, 54919359.231129
03/26/21, 152.203, 152.833, 149.80, 152.6015, 66258479.0723813
03/25/21, 153.6495, 155.489, 151.857, 152.313, 71269379.0022287
03/24/21, 157.552, 158.0155, 154.2575, 154.3535, 59179619.1714853
03/23/21, 156.35, 159.10, 156.0425, 156.875, 76345258.9311664
03/22/21, 153.3925, 156.329, 153.0025, 155.5435, 58043579.1873899
03/19/21, 151.4615, 153.8643, 150.8315, 153.748, 92507078.7049009
03/18/21, 155.05, 155.8315, 151.25, 151.3995, 73140538.9760325
03/17/21, 153.661, 158.6525, 153.511, 156.7865, 62371679.1267965
03/16/21, 155.2485, 156.4455, 153.793, 154.593, 50775279.2891461
03/15/21, 153.7285, 154.112, 151.6045, 154.084, 58371839.1827943
03/12/21, 153.75, 154.949, 152.275, 154.4745, 48437759.3218714
03/11/21, 155.2005, 156.5892, 154.1465, 155.6795, 55527819.2226105
03/10/21, 154.9225, 155.823, 151.5025, 152.882, 60249779.1565031
03/09/21, 150.8995, 154.548, 150.2574, 153.1425, 80600638.8715911
03/08/21, 150.75, 153.2295, 147.5655, 147.5975, 83700158.8281978
03/05/21, 150.25, 150.45, 144.05, 150.023, 107771018.491206
03/04/21, 150.60, 152.9065, 147.2715, 148.8785, 109631558.465158
03/03/21, 154.059, 155.3888, 149.75, 150.25, 79774498.883157
03/02/21, 157.1735, 158.176, 154.356, 154.7265, 51915239.2731867
03/01/21, 156.3945, 157.478, 154.8995, 157.307, 54679259.2344904
02/26/21, 154.76, 156.122, 151.835, 154.6465, 85518598.8027396
02/25/21, 156.837, 158.913, 152.388, 152.858, 90676018.7305358
02/24/21, 158.3375, 158.5615, 156.269, 157.9765, 60225499.156843
02/23/21, 156.3515, 160.2365, 154.68, 159.725, 93544438.6903779
02/22/21, 160.4065, 161.616, 158.613, 159.037, 70313579.0156099
02/19/21, 166.4115, 166.675, 162.2875, 162.495, 86103678.7945485
02/18/21, 164.121, 166.90, 163.697, 166.4115, 60672139.15059
02/17/21, 163.18, 166.0455, 162.975, 165.432, 66041979.0754123
02/16/21, 162.7025, 165.415, 162.6796, 163.4475, 51494419.2790781
02/12/21, 162.50, 164.0125, 161.6655, 163.8855, 46706779.3461051
02/11/21, 164.60, 164.60, 162.403, 163.1065, 46028339.3556033
02/10/21, 165.70, 165.8978, 162.70, 164.329, 63030999.117566
02/09/21, 165.6245, 166.90, 164.892, 165.25, 44070519.3830127
02/08/21, 167.925, 168.25, 165.20, 166.147, 65147819.0879305
02/05/21, 165.95, 168.85, 165.1355, 167.6075, 72416158.9861738
02/04/21, 166.50, 167.35, 163.8875, 166.55, 73413218.9722149
02/03/21, 171.2505, 171.70, 165.431, 165.6265, 141775618.015141
02/02/21, 169.00, 171.387, 168.0563, 169.00, 141972738.012382
02/01/21, 162.118, 167.513, 161.7513, 167.144, 83204238.8351407
01/29/21, 161.50, 161.8495, 159.2275, 160.31, 85871118.7978044
01/28/21, 161.752, 165.084, 161.4345, 161.881, 62984559.1182162
01/27/21, 167.0745, 167.326, 160.354, 161.629, 93203158.6951558
01/26/21, 164.8178, 166.90, 164.1435, 166.3065, 59104699.1725342
01/25/21, 166.425, 168.1945, 162.1573, 164.70, 74995158.9500678
01/22/21, 165.2155, 166.0955, 164.1582, 164.6115, 56438279.2098641
01/21/21, 164.65, 167.4275, 164.4784, 165.3495, 98901018.6153857
01/20/21, 159.0995, 163.99, 158.75, 163.169, 106196698.513246
01/19/21, 155.35, 157.25, 154.80, 156.038, 66102839.0745602
01/15/21, 156.151, 157.1273, 154.7585, 155.2125, 84879898.8116814
01/14/21, 158.376, 158.90, 156.0295, 156.3735, 61418379.1401427
01/13/21, 156.422, 159.4975, 156.104, 158.2945, 66424879.0700517
01/12/21, 156.00, 157.1071, 154.30, 156.0415, 70291639.0159171
01/11/21, 157.4005, 157.8192, 155.50, 155.7105, 73381898.9726534
01/08/21, 159.00, 159.532, 157.11, 159.135, 70754879.0094317
01/07/21, 157.85, 160.4271, 157.75, 158.108, 70290899.0159274
01/06/21, 157.324, 159.8755, 156.558, 156.919, 87896298.7694518
01/05/21, 158.3005, 161.169, 158.253, 160.9255, 53110959.2564466
01/04/21, 163.50, 163.60, 157.201, 159.3315, 88228978.7647943
12/31/20, 163.75, 164.1461, 162.06, 162.8465, 59144119.1719823
12/30/20, 167.05, 167.105, 164.1235, 164.2925, 64186199.1013932
12/29/20, 165.497, 167.5325, 164.0612, 166.10, 97458658.6355788
12/28/20, 159.70, 165.20, 158.6345, 164.198, 113735738.4077
12/24/20, 159.695, 160.10, 158.45, 158.6345, 29038339.5934632
12/23/20, 160.25, 160.5065, 159.2085, 159.2635, 41875739.4137396
12/22/20, 160.1422, 161.10, 159.004, 160.326, 47635619.3331013
12/21/20, 160.0005, 161.3484, 158.30, 160.309, 76736918.9256831
12/18/20, 162.1995, 162.471, 158.58, 160.0825, 119914258.3212
12/17/20, 162.50, 163.1755, 161.05, 161.804, 69486939.0271829
12/16/20, 158.8005, 162.35, 158.184, 162.048, 88552318.7602676
12/15/20, 159.0505, 159.425, 156.5245, 158.256, 66473719.0693679
12/14/20, 157.15, 159.5235, 156.30, 157.8485, 83115878.8363777
12/11/20, 154.833, 155.9335, 153.641, 155.821, 61293899.1418854
12/10/20, 154.4495, 157.105, 153.80, 155.0745, 60603719.1515479
12/09/20, 158.3945, 158.7215, 154.40, 155.21, 82016718.851766
12/08/20, 157.945, 159.2065, 156.001, 158.8645, 65726059.0798352
12/07/20, 157.824, 159.038, 157.0845, 157.90, 55026319.2296315
12/04/20, 159.9105, 159.9105, 157.938, 158.129, 58272219.1841889
12/03/20, 160.273, 161.432, 159.0655, 159.3365, 57840779.1902291
12/02/20, 161.0825, 161.60, 158.663, 160.1765, 62586079.1237949
12/01/20, 159.425, 162.4475, 157.859, 161.004, 90887638.7275731
11/30/20, 160.424, 161.4195, 156.2775, 158.402, 81278318.8621035
11/27/20, 160.563, 160.8095, 159.5025, 159.767, 47857339.3299972
11/25/20, 157.0935, 159.90, 157.013, 159.2535, 75808058.9386872
11/24/20, 155.025, 156.7125, 154.3129, 155.903, 72042038.9914115
11/23/20, 155.835, 156.9873, 153.273, 154.9195, 94177738.6815117
11/20/20, 155.851, 156.6445, 154.9023, 154.97, 67602759.0535614
11/19/20, 155.2655, 156.25, 154.046, 155.851, 60205399.1571244
11/18/20, 156.70, 157.00, 155.255, 155.273, 58336719.1832859
11/17/20, 159.1773, 159.4625, 156.763, 156.783, 68894699.0354742
11/16/20, 154.66, 157.135, 153.6343, 156.553, 76173518.9335708
11/13/20, 156.10, 157.0862, 154.2695, 156.4405, 75251738.9464756
11/12/20, 157.9975, 158.794, 154.3025, 155.514, 87424158.7760618
11/11/20, 153.089, 156.9573, 152.50, 156.8695, 87338458.7772616
11/10/20, 154.751, 155.70, 150.9742, 151.751, 131819118.154532
11/09/20, 161.5515, 164.45, 155.6053, 157.187, 143808097.986687
11/06/20, 165.232, 166.10, 161.60, 165.5685, 92946598.6987476
11/05/20, 165.9985, 168.34, 164.444, 166.10, 115785698.379
11/04/20, 157.9995, 162.2425, 156.9865, 162.058, 136780818.085069
11/03/20, 150.9265, 153.745, 149.049, 152.4205, 97957598.6285936
11/02/20, 153.087, 153.9853, 147.506, 150.224, 145146997.967942
10/30/20, 157.8875, 158.3502, 150.95, 151.8075, 167921617.649097
10/29/20, 160.0635, 162.8625, 158.20, 160.5505, 131930578.152972
10/28/20, 162.465, 163.201, 158.1235, 158.139, 111766598.435268
10/27/20, 161.247, 164.583, 160.565, 164.3165, 85820938.7985069
10/26/20, 159.937, 164.149, 157.665, 160.352, 118023018.347678
10/23/20, 159.55, 160.2665, 157.00, 160.22, 69333739.0293277
10/22/20, 159.4935, 159.9375, 156.097, 158.82, 84240098.8206386
10/21/20, 160.625, 161.6938, 158.00, 159.247, 91854718.714034
10/20/20, 161.114, 163.30, 159.6005, 160.8505, 90193558.7372902
10/19/20, 164.9805, 166.45, 159.6368, 160.3605, 104472518.537385
10/16/20, 168.1615, 169.9831, 158.00, 163.6355, 129487058.187181
10/15/20, 164.6005, 167.794, 164.00, 166.9325, 104468958.537435
10/14/20, 172.35, 173.244, 167.00, 168.1855, 116578318.367904
10/13/20, 173.3995, 174.619, 171.2109, 172.1815, 114893938.391485
10/12/20, 167.497, 174.812, 166.9775, 172.1465, 167283937.658025
10/09/20, 160.50, 164.4495, 159.8915, 164.3325, 98157418.6257961
10/08/20, 161.2495, 161.6647, 158.7495, 159.5275, 63482279.1112481
10/07/20, 156.75, 160.00, 156.6193, 159.7845, 86188778.7933571
10/06/20, 158.25, 159.10, 154.50, 154.998, 101737138.57568
10/05/20, 157.292, 160.1265, 157.0425, 159.96, 75506638.9429071
10/02/20, 157.6815, 159.7898, 156.15, 156.25, 112261958.428333
10/01/20, 160.40, 161.20, 158.60, 161.063, 99438438.6078619
09/30/20, 157.057, 160.644, 156.6995, 157.4365, 97922018.6290917
09/29/20, 158.7695, 159.413, 156.627, 157.244, 70067959.0190486
09/28/20, 157.4425, 158.752, 155.8584, 158.7025, 84483298.8172338
09/25/20, 152.743, 155.077, 149.95, 154.7565, 92304038.7077435
09/24/20, 148.8895, 153.465, 148.25, 150.9895, 110587838.45177
09/23/20, 156.0215, 156.35, 149.6188, 149.993, 113053298.417254
09/22/20, 151.6918, 156.6995, 150.01, 156.4495, 138976318.054332
09/21/20, 145.325, 148.10, 143.55, 148.0235, 122358498.286981
09/18/20, 151.587, 151.89, 145.277, 147.7455, 177851597.510078
09/17/20, 150.4625, 151.4716, 148.6275, 150.4365, 128980998.194266
09/16/20, 158.9995, 159.3619, 153.7075, 153.905, 90623778.7312671
09/15/20, 156.808, 158.751, 155.446, 157.8065, 80430698.8739702
09/14/20, 158.6469, 159.3695, 154.80, 155.1485, 90591918.7317131
09/11/20, 160.4345, 160.8671, 154.199, 155.811, 101879638.573685
09/10/20, 165.361, 167.4945, 158.5275, 158.7555, 106614818.507393
09/09/20, 160.1495, 165.1588, 159.25, 163.4305, 103773498.547171
09/08/20, 157.20, 162.5423, 156.50, 157.492, 121884098.293623
09/04/20, 165.90, 169.075, 155.5565, 164.731, 175635077.541109
09/03/20, 174.25, 174.4205, 165.15, 168.40, 163222257.714888
09/02/20, 177.35, 177.6125, 174.3343, 176.5725, 78629518.8991868
09/01/20, 174.479, 175.6935, 173.35, 174.956, 69528139.026606
08/31/20, 170.4495, 174.75, 170.25, 172.548, 83717698.8279522
08/28/20, 171.15, 171.6685, 169.325, 170.09, 57939559.1888462
08/27/20, 172.5025, 172.65, 168.90, 170.00, 85295898.8058574
08/26/20, 167.5555, 172.587, 167.2284, 172.0925, 130174858.177552
08/25/20, 164.7495, 167.87, 163.35, 167.3245, 79856838.8820043
08/24/20, 165.5075, 169.0158, 162.8781, 165.373, 93325158.6934478
08/21/20, 164.75, 165.7198, 163.7695, 164.236, 71517238.9987586
08/20/20, 162.60, 165.631, 161.90, 164.8685, 66649559.0669062
08/19/20, 165.1505, 165.795, 162.80, 163.024, 83702738.8281616
08/18/20, 160.60, 166.00, 160.291, 165.6245, 106919478.503127
08/17/20, 158.656, 159.7485, 157.7089, 159.1205, 53824739.2464537
08/14/20, 158.909, 158.9118, 156.00, 157.401, 55034459.2295176
08/13/20, 159.1495, 160.8761, 157.75, 158.051, 62980859.118268
08/12/20, 155.40, 158.7193, 155.071, 158.112, 70544579.0123759
08/11/20, 155.66, 157.961, 153.65, 154.0335, 74361138.958944
08/10/20, 158.5155, 158.6255, 155.076, 157.408, 63345479.1131633
08/07/20, 161.2005, 162.0405, 157.0337, 158.373, 78722538.8978844
08/06/20, 159.718, 162.3735, 158.2715, 161.25, 78812038.8966315
08/05/20, 157.1885, 160.6793, 156.365, 160.2515, 78600498.899593
08/04/20, 155.0605, 158.362, 155.0605, 156.9415, 93885878.6855977
08/03/20, 159.0255, 159.20, 155.20, 155.5945, 101493258.579094
07/31/20, 162.20, 162.341, 157.55, 158.234, 161667377.736657
07/30/20, 150.70, 154.60, 150.25, 152.594, 122565298.284086
07/29/20, 151.5495, 151.958, 149.8385, 151.6765, 59481199.1672632
07/28/20, 152.7135, 153.8547, 149.788, 150.0165, 62533019.1245377
07/27/20, 153.10, 154.90, 150.7885, 152.7605, 83409838.8322623
07/24/20, 146.50, 151.579, 144.40, 150.4455, 112648258.422924
07/23/20, 154.9136, 154.9136, 148.50, 149.3275, 113138118.416066
07/22/20, 156.25, 157.50, 153.263, 154.9955, 82084498.850817
07/21/20, 161.6245, 162.0288, 155.286, 156.9145, 122699298.28221
07/20/20, 150.01, 160.068, 149.7009, 159.842, 151963517.872511
07/17/20, 150.45, 151.20, 147.4225, 148.0985, 95226378.6668307
07/16/20, 148.553, 151.60, 145.9115, 149.995, 127884918.209611
07/15/20, 154.0115, 154.9175, 148.659, 150.4435, 115777478.379115
07/14/20, 154.45, 156.369, 147.50, 154.20, 144638657.975059
07/13/20, 162.553, 167.2145, 153.4195, 155.20, 154408397.838282
07/10/20, 159.588, 160.75, 156.785, 160.00, 109719638.463925
07/09/20, 155.7995, 159.694, 153.7001, 159.1315, 127773178.211176
07/08/20, 151.1305, 154.1985, 150.6215, 154.0555, 100752698.589462
07/07/20, 152.9275, 153.4775, 149.50, 150.006, 105150278.527896
07/06/20, 146.7485, 152.994, 146.50, 152.852, 137612838.07342
07/02/20, 145.6005, 147.778, 143.5551, 144.515, 131867738.153852
07/01/20, 137.8995, 144.75, 137.70, 143.935, 127268778.218237
06/30/20, 134.2533, 138.4815, 133.7515, 137.941, 75393718.9444879
06/29/20, 134.5005, 134.84, 131.504, 134.019, 84468438.8174419
06/26/20, 138.7528, 139.1285, 134.40, 134.6435, 130015678.179781
06/25/20, 136.9775, 137.8115, 135.607, 137.729, 59373139.1687761
06/24/20, 139.00, 139.80, 136.05, 136.72, 90532098.7325506
06/23/20, 136.301, 139.1555, 135.902, 138.2205, 84634138.8151221
06/22/20, 134.225, 135.75, 133.45, 135.691, 64175599.1015416
06/19/20, 133.904, 134.8715, 132.95, 133.7505, 115539258.38245
06/18/20, 132.3505, 132.982, 131.8055, 132.699, 49755479.3034233
06/17/20, 132.375, 132.75, 131.591, 132.049, 59186319.1713915
06/16/20, 131.00, 131.00, 128.80, 130.7635, 71912978.9932183
06/15/20, 126.33, 129.20, 125.40, 128.634, 77466698.9154662
06/12/20, 130.0605, 131.0739, 125.1675, 127.251, 108722538.477884
06/11/20, 130.175, 133.569, 126.8115, 127.898, 116002138.37597
06/10/20, 132.25, 136.1175, 131.313, 132.3725, 98920618.6151114
06/09/20, 126.472, 131.3215, 126.25, 130.043, 103518998.550734
06/08/20, 125.01, 126.50, 124.3668, 126.203, 79413078.8882169
06/05/20, 122.2255, 124.4323, 121.8565, 124.15, 66128899.0741954
06/04/20, 123.8715, 125.377, 122.5005, 123.03, 58974199.1743612
06/03/20, 123.4005, 124.40, 123.0585, 123.92, 53420479.2521133
06/02/20, 123.35, 123.6765, 122.2655, 123.6205, 50598059.2916272
06/01/20, 122.40, 123.8465, 122.2085, 123.552, 58760639.1773511
05/29/20, 120.797, 122.1185, 119.9099, 122.1185, 70586579.0117879
05/28/20, 119.2165, 121.8485, 118.9115, 120.055, 63862719.1059219
05/27/20, 120.2495, 120.679, 116.50, 120.5195, 101138898.584055
05/26/20, 122.90, 123.10, 120.703, 121.093, 71363059.0009172
05/22/20, 122.7505, 123.4925, 121.5065, 121.844, 57341579.1972179
05/21/20, 125.00, 126.2725, 122.127, 122.337, 102288058.567967
05/20/20, 123.8935, 125.0005, 123.3635, 124.897, 79962858.88052
05/19/20, 121.4915, 124.2498, 121.4485, 122.4665, 86409958.7902606
05/18/20, 120.2173, 121.65, 119.2005, 121.313, 87331438.7773599
05/15/20, 118.426, 120.55, 117.8185, 120.489, 84699018.8142137
05/14/20, 118.0505, 119.5685, 117.6605, 119.4425, 72962558.9785242
05/13/20, 118.34, 120.385, 116.8903, 118.396, 95658378.6607827
05/12/20, 120.5925, 120.95, 117.75, 117.8475, 61498319.1390235
05/11/20, 118.735, 120.9833, 118.6055, 120.45, 65184619.0874153
05/08/20, 118.607, 119.3623, 117.85, 118.9805, 64224559.1008562
05/07/20, 118.739, 118.80, 117.1555, 118.3805, 67928219.049005
05/06/20, 116.472, 117.8725, 116.00, 117.563, 62356279.1270121
05/05/20, 117.00, 117.55, 115.3563, 115.89, 64849919.0921011
05/04/20, 112.819, 116.349, 112.819, 115.7995, 97318518.6375408
05/01/20, 116.84, 118.122, 112.9095, 114.302, 195452097.263671
04/30/20, 120.992, 123.75, 119.8005, 123.70, 190692217.330309
04/29/20, 116.5005, 119.5945, 115.50, 118.6355, 91831858.714354
04/28/20, 118.605, 118.675, 115.30, 115.704, 105388918.524555
04/27/20, 122.16, 122.244, 118.15, 118.80, 112912898.419219
04/24/20, 120.85, 121.0217, 119.10, 120.511, 76635938.9270969
04/23/20, 119.999, 121.211, 119.104, 119.9725, 101331038.581365
04/22/20, 118.45, 119.70, 117.55, 118.1745, 84365898.8188774
04/21/20, 120.8305, 121.4155, 113.983, 116.406, 149533597.90653
04/20/20, 119.4975, 122.249, 119.3025, 119.6805, 115413878.384206
04/17/20, 118.6165, 120.00, 115.801, 118.75, 158600177.779598
04/16/20, 117.30, 123.0499, 116.75, 120.4095, 240763996.629304
04/15/20, 112.884, 116.6685, 112.25, 115.384, 137331338.077361
04/14/20, 110.0235, 114.60, 109.3105, 114.166, 161743857.735586
04/13/20, 102.00, 109.00, 101.90, 108.4435, 134334178.119322
04/09/20, 102.215, 102.65, 100.883, 102.138, 93112338.6964273
04/08/20, 101.05, 102.20, 100.5575, 102.15, 79546258.8863524
04/07/20, 100.8555, 101.786, 99.881, 100.58, 102279658.568085
04/06/20, 96.80, 99.926, 96.501, 99.8795, 114461198.397543
04/03/20, 95.5575, 96.3165, 94.4575, 95.3295, 72197398.9892364
04/02/20, 95.082, 96.3763, 94.50, 95.9415, 86719698.7859242
04/01/20, 96.6485, 97.248, 94.65, 95.385, 82437498.845875
03/31/20, 98.2175, 99.651, 97.2005, 97.486, 102472518.565385
03/30/20, 96.1415, 98.6815, 95.617, 98.1975, 122521738.284696
03/27/20, 96.543, 96.9895, 94.996, 95.005, 107757938.491389
03/26/20, 95.10, 97.8245, 94.4645, 97.7745, 124702358.254167
03/25/20, 96.0345, 97.513, 94.289, 94.292, 129581458.18586
03/24/20, 97.5748, 97.75, 95.017, 97.005, 142941597.998818
03/23/20, 91.3875, 95.97, 90.60, 95.1415, 156169777.813623
03/20/20, 96.3155, 97.85, 91.0365, 92.3045, 196356997.251002
03/19/20, 93.00, 97.25, 91.6325, 94.0465, 207998797.088017
03/18/20, 87.50, 92.083, 87.25, 91.50, 192904357.299339
03/17/20, 88.7735, 92.8888, 84.462, 90.392, 218342596.943204
03/16/20, 82.0755, 87.9726, 81.3016, 84.4575, 178345297.503166
03/13/20, 87.75, 89.3155, 84.031, 89.25, 176194497.533277
03/12/20, 86.099, 88.25, 83.75, 83.8305, 226924196.823061
03/11/20, 92.8925, 93.566, 90.075, 91.043, 112936618.418887
03/10/20, 93.544, 94.7135, 90.9085, 94.591, 142666198.002673
03/09/20, 88.693, 93.1385, 88.0645, 90.0305, 156264637.812295
03/06/20, 93.75, 95.5435, 93.475, 95.0545, 105471598.523398
03/05/20, 96.65, 98.036, 95.50, 96.2015, 94964198.6705012
03/04/20, 97.3285, 98.90, 96.10, 98.7915, 95458378.6635827
03/03/20, 98.7685, 99.8165, 94.4045, 95.4495, 150689837.890342
03/02/20, 95.3245, 97.7255, 93.50, 97.6975, 135233018.106738
02/28/20, 90.7315, 94.488, 90.5565, 94.1875, 189875937.341737
02/27/20, 96.719, 98.75, 94.1381, 94.215, 162879857.719682
02/26/20, 98.514, 100.7335, 98.0225, 98.9795, 104808038.532687
02/25/20, 101.321, 101.73, 97.921, 98.637, 124381878.258654
02/24/20, 100.159, 101.9648, 99.3987, 100.4645, 130939938.166841
02/21/20, 107.1075, 107.2275, 104.40, 104.7985, 93014798.6977928
02/20/20, 108.6535, 108.8395, 106.3725, 107.655, 62626839.1232243
02/19/20, 108.39, 109.255, 108.056, 108.511, 51223299.2828738
02/18/20, 106.251, 108.3035, 106.2053, 107.7835, 59021399.1737004
02/14/20, 107.784, 107.9518, 106.2945, 106.7435, 52123379.2702727
02/13/20, 107.2495, 108.514, 107.10, 107.4935, 60635819.1510985
02/12/20, 108.16, 109.0125, 107.7645, 108.00, 66685279.0664061
02/11/20, 107.545, 109.2975, 106.80, 107.54, 114920218.391117
02/10/20, 104.2505, 106.78, 104.248, 106.6955, 101124698.584254
02/07/20, 102.0995, 104.9265, 101.905, 103.964, 101906938.573303
02/06/20, 102.051, 102.815, 101.24, 102.5115, 63659079.1087729
02/05/20, 103.551, 103.551, 101.60, 101.9935, 87523478.7746713
02/04/20, 101.494, 102.99, 100.7685, 102.4835, 105786758.518985
02/03/20, 100.53, 102.425, 100.0125, 100.21, 117981878.348254
01/31/20, 102.5735, 102.786, 100.1135, 100.436, 311345595.641162
01/30/20, 92.90, 93.6435, 92.5305, 93.534, 126548758.228317
01/29/20, 93.20, 93.7375, 92.751, 92.90, 42027799.4116108
01/28/20, 92.025, 92.9055, 91.501, 92.6625, 56160799.2137488
01/27/20, 91.00, 92.05, 90.767, 91.417, 70570179.0120175
01/24/20, 94.5685, 94.7495, 92.372, 93.082, 75323618.9454693
01/23/20, 94.2555, 94.4988, 93.638, 94.229, 49692259.3043084
01/22/20, 94.8045, 95.125, 94.167, 94.373, 64325139.099448
01/21/20, 93.25, 94.7135, 93.00, 94.60, 74155698.9618202
01/17/20, 94.2945, 94.332, 92.8625, 93.236, 79946798.8807448
01/16/20, 94.1495, 94.2795, 93.301, 93.897, 53189859.255342
01/15/20, 93.6125, 93.943, 92.7545, 93.101, 57931839.1889543
01/14/20, 94.294, 94.3555, 92.9275, 93.472, 68927619.0350133
01/13/20, 94.5655, 94.90, 94.04, 94.565, 55716879.2199637
01/10/20, 95.2685, 95.347, 94.00, 94.158, 57139179.2000515
01/09/20, 95.4945, 95.891, 94.7902, 95.0525, 63499239.1110106
01/08/20, 94.902, 95.55, 94.3223, 94.5985, 70239319.0166496
01/07/20, 95.225, 95.6945, 94.6022, 95.343, 82680198.8424772
01/06/20, 93.00, 95.1845, 93.00, 95.144, 81313958.8616046
01/03/20, 93.225, 94.3099, 93.225, 93.7485, 75332078.9453509
01/02/20, 93.75, 94.9005, 93.2075, 94.9005, 80718198.8699452
12/31/19, 92.10, 92.663, 91.6115, 92.392, 50207599.2970936
12/30/19, 93.70, 94.20, 92.031, 92.3445, 73546118.9703543
12/27/19, 94.146, 95.07, 93.3005, 93.49, 123775078.267149
12/26/19, 90.0505, 93.523, 89.975, 93.4385, 120492158.31311
12/24/19, 89.6905, 89.7785, 89.3788, 89.4605, 17626739.7532256
12/23/19, 89.413, 89.65, 89.2255, 89.65, 42749859.401502
12/20/19, 89.9808, 90.1485, 89.1225, 89.325, 103049198.557311
12/19/19, 89.025, 89.6495, 88.703, 89.614, 54766399.2332704
12/18/19, 89.751, 89.91, 89.118, 89.2015, 67082739.0608417
12/17/19, 88.9005, 89.60, 88.8695, 89.533, 72933938.9789249
12/16/19, 88.35, 88.475, 87.8525, 88.4605, 62986899.1181834
12/13/19, 88.25, 88.4495, 87.75, 88.047, 54895419.2314641
12/12/19, 87.50, 88.20, 87.272, 88.0165, 62078979.1308943
12/11/19, 87.0835, 87.50, 86.7855, 87.436, 42026359.411631
12/10/19, 87.37, 87.5335, 86.75, 86.9605, 50312879.2956197
12/09/19, 87.533, 88.3446, 87.2805, 87.4755, 50049779.2993031
12/06/19, 87.56, 87.72, 87.0065, 87.58, 62399579.1264059
12/05/19, 88.175, 88.175, 87.00, 87.024, 56557039.2082014
12/04/19, 88.7005, 89.4545, 88.011, 88.0345, 53613999.249404
12/03/19, 88.00, 88.6435, 87.3615, 88.498, 70591639.011717
12/02/19, 90.22, 90.2775, 88.134, 89.08, 78634998.89911
11/29/19, 90.889, 91.2345, 90.0395, 90.04, 38468799.4614368
11/27/19, 90.05, 91.225, 89.8655, 90.9255, 60716919.1499631
11/26/19, 88.996, 89.8515, 88.9175, 89.847, 63808559.1066802
11/25/19, 87.6625, 88.871, 87.662, 88.692, 69789339.0229493
11/22/19, 86.951, 87.3215, 86.55, 87.286, 49581619.3058573
11/21/19, 87.15, 87.3435, 86.518, 86.7355, 53258759.2543774
11/20/19, 87.457, 88.1262, 86.706, 87.2765, 55875179.2177475
11/19/19, 87.8495, 88.034, 87.1515, 87.6395, 45490699.3631302
11/18/19, 86.915, 87.685, 86.1355, 87.6265, 56838139.2042661
11/15/19, 88.0025, 88.084, 86.643, 86.9745, 78622818.8992806
11/14/19, 87.5715, 88.3297, 87.478, 87.73, 45388339.3645632
11/13/19, 88.6695, 88.75, 87.3661, 87.6555, 58537839.1804703
11/12/19, 88.733, 89.311, 88.5955, 88.90, 40778499.429101
11/11/19, 88.90, 89.00, 88.3565, 88.5825, 38956199.4546132
11/08/19, 89.3945, 89.494, 88.702, 89.294, 42523959.4046646
11/07/19, 90.188, 90.295, 89.174, 89.41, 53021719.2576959
11/06/19, 90.05, 90.125, 89.429, 89.7885, 40595659.4316608
11/05/19, 90.458, 90.5125, 89.70, 90.0855, 37710859.472048
11/04/19, 90.0505, 90.753, 90.0505, 90.233, 55438439.2238619
11/01/19, 89.4005, 89.8723, 89.2605, 89.572, 55807079.2187009
10/31/19, 88.7995, 89.60, 88.5738, 88.833, 55623699.2212682
10/30/19, 88.012, 89.119, 87.9558, 88.9995, 48988099.3141666
10/29/19, 88.7405, 88.85, 87.7905, 88.1355, 45537099.3624806
10/28/19, 87.403, 88.935, 87.125, 88.854, 74177018.9615218
10/25/19, 84.8775, 88.2105, 84.75, 88.0665, 192528037.304607
10/24/19, 88.5545, 89.4169, 88.0135, 89.039, 104086998.542782
10/23/19, 88.065, 88.5025, 87.10, 88.1085, 43807599.3866936
10/22/19, 89.4075, 89.489, 88.10, 88.2865, 44688499.374361
10/21/19, 88.483, 89.294, 88.25, 89.283, 44498039.3770274
10/18/19, 89.39, 89.699, 87.46, 87.8755, 67321819.0574945
10/17/19, 89.8245, 89.9425, 89.101, 89.374, 54275459.2401436
10/16/19, 88.6665, 89.312, 88.5261, 88.8715, 56081359.214861
10/15/19, 87.107, 88.8225, 87.031, 88.369, 62584879.1238117
10/14/19, 86.4455, 87.0945, 86.10, 86.8215, 38577959.4599086
10/11/19, 87.146, 87.2725, 86.493, 86.596, 65590679.0817305
10/10/19, 86.262, 86.9145, 85.6875, 86.013, 54430619.2379713
10/09/19, 85.9805, 86.4975, 85.718, 86.0995, 41786699.4149862
10/08/19, 86.1245, 86.35, 85.25, 85.2755, 52536799.2644848
10/07/19, 86.5815, 87.3915, 86.185, 86.633, 43751959.3874726
10/04/19, 86.301, 87.0288, 85.9615, 86.9825, 49785539.3030025
10/03/19, 85.65, 86.25, 84.253, 86.221, 72487418.9851761
10/02/19, 86.387, 86.4445, 85.25, 85.6615, 66769519.0652267
10/01/19, 87.30, 87.78, 86.4205, 86.7825, 63409199.1122712
09/30/19, 86.3495, 86.873, 85.461, 86.7955, 55215359.226985
09/27/19, 87.40, 87.456, 85.691, 86.2725, 78960578.8945519
09/26/19, 88.1395, 88.1685, 86.575, 86.992, 71439038.9998535
09/25/19, 87.368, 88.65, 86.15, 88.4165, 70621959.0112926
09/24/19, 89.5303, 89.7853, 86.7773, 87.0805, 92758018.7013878
09/23/19, 88.85, 89.635, 88.366, 89.265, 62782839.1210402
09/20/19, 91.0855, 91.5315, 89.046, 89.708, 111116778.444365
09/19/19, 91.051, 91.6285, 90.895, 91.075, 41566699.4180662
09/18/19, 90.852, 91.103, 89.775, 90.873, 50720239.2899167
09/17/19, 90.354, 91.1995, 90.205, 91.1275, 40661159.4307438
09/16/19, 91.201, 91.2847, 90.01, 90.392, 73509458.9708676
09/13/19, 92.1005, 92.3061, 91.7585, 91.967, 39426339.4480312
09/12/19, 91.8815, 92.683, 91.714, 92.1775, 56470099.2094186
09/11/19, 90.607, 91.671, 90.454, 91.1495, 48655339.3188252
09/10/19, 91.1375, 91.2905, 90.2668, 91.0275, 52277579.2681139
09/09/19, 92.05, 92.50, 91.2305, 91.5675, 59990299.1601358
09/06/19, 91.911, 92.0325, 91.32, 91.6755, 49938659.3008588
09/05/19, 91.0975, 92.10, 90.7788, 92.036, 66503779.0689471
09/04/19, 90.25, 90.3816, 89.8115, 90.031, 46524559.3486562
09/03/19, 88.50, 90.04, 88.40, 89.492, 70937179.0068795
08/30/19, 89.8745, 89.987, 88.2285, 88.8145, 61282939.1420389
08/29/19, 89.15, 89.9275, 88.8625, 89.32, 60360239.1549566
08/28/19, 87.75, 88.393, 87.2026, 88.2125, 48437859.32187
08/27/19, 88.7865, 88.97, 87.334, 88.0915, 60544899.1523714
08/26/19, 88.3455, 88.50, 87.1755, 88.4435, 61706399.1361104
08/23/19, 89.6515, 90.2448, 87.2615, 87.481, 105557958.522189
08/22/19, 91.40, 91.4706, 90.005, 90.28, 53167759.2556514
08/21/19, 90.9695, 91.4789, 90.75, 91.177, 40784619.4290153
08/20/19, 90.725, 90.841, 89.994, 90.069, 38656699.4588062
08/19/19, 90.904, 91.30, 90.6305, 90.806, 56406059.2103152
08/16/19, 89.6445, 90.1454, 89.2275, 89.6285, 61084799.1448128
08/15/19, 89.0995, 89.40, 88.098, 88.806, 76198958.9332146
08/14/19, 89.6505, 89.7826, 87.8608, 88.148, 97872978.6297783
08/13/19, 89.15, 91.5872, 89.00, 91.217, 81500418.8589941
08/12/19, 89.7995, 90.049, 88.85, 89.246, 58109959.1864606
08/09/19, 91.4475, 91.5546, 90.111, 90.379, 57595399.1936644
08/08/19, 90.30, 91.713, 89.9055, 91.6445, 74024838.9636522
08/07/19, 88.6995, 89.9465, 87.85, 89.67, 90537678.7324725
08/06/19, 89.6115, 89.6885, 87.67, 89.3915, 101405158.580328
08/05/19, 88.511, 89.4334, 87.439, 88.2565, 121164238.303701
08/02/19, 92.2535, 92.3182, 90.401, 91.162, 99124498.612257
08/01/19, 93.586, 94.896, 92.2005, 92.766, 94266218.680273
07/31/19, 94.9055, 94.9775, 92.472, 93.339, 89414538.7481965
07/30/19, 94.5558, 95.4945, 94.174, 94.9265, 58217759.1849514
07/29/19, 96.50, 96.6113, 94.527, 95.6225, 89863798.7419068
07/26/19, 97.10, 97.5448, 96.2255, 97.1525, 98542858.6204
07/25/19, 100.05, 100.06, 98.636, 98.691, 82729218.8417909
07/24/19, 98.465, 100.065, 98.2935, 100.0405, 52625999.263236
07/23/19, 99.7995, 99.8895, 98.6565, 99.7245, 54069599.2430256
07/22/19, 98.557, 99.45, 97.913, 99.2815, 58162219.1857289
07/19/19, 99.5605, 99.80, 98.1113, 98.226, 63712239.1080287
07/18/19, 99.0005, 99.375, 97.5775, 98.895, 70085039.0188094
07/17/19, 100.3525, 100.60, 99.6015, 99.6015, 51176179.2835335
07/16/19, 100.529, 101.316, 100.061, 100.495, 52363959.2669046
07/15/19, 101.07, 101.145, 100.0775, 101.0495, 59626859.165224
07/12/19, 100.4135, 100.85, 100.1935, 100.55, 50185939.2973969
07/11/19, 101.281, 101.79, 99.765, 100.0535, 86355318.7910256
07/10/19, 99.8255, 101.247, 99.77, 100.8705, 98638038.6190674
07/09/19, 97.39, 99.5005, 97.1738, 99.415, 86913958.7832046
07/08/19, 96.706, 97.80, 96.4127, 97.616, 57667419.1926561
07/05/19, 96.43, 97.295, 96.265, 97.1455, 52567179.2640595
07/03/19, 96.7945, 97.0795, 96.525, 96.95, 33805879.5267177
07/02/19, 95.969, 96.7395, 95.3315, 96.7155, 53025979.2576363
07/01/19, 96.149, 96.491, 95.733, 96.1095, 64066939.1030628
06/28/19, 95.455, 95.647, 94.20, 94.6815, 60747159.1495398
06/27/19, 95.10, 95.562, 94.902, 95.214, 42834419.4003181
06/26/19, 94.624, 95.19, 94.366, 94.8915, 48838199.3162652
06/25/19, 95.592, 95.8193, 93.621, 93.9135, 60246939.1565428
06/24/19, 95.633, 95.843, 95.065, 95.695, 45659379.3607687
06/21/19, 95.805, 96.2975, 95.379, 95.565, 78671518.8985988
06/20/19, 96.6665, 96.76, 95.29, 95.9095, 64343059.0991972
06/19/19, 95.392, 95.9791, 94.6235, 95.4395, 57906939.1893028
06/18/19, 95.0675, 96.0835, 94.9895, 95.0685, 77914558.9091962
06/17/19, 93.825, 94.7844, 93.7725, 94.3015, 52686839.2623842
06/14/19, 93.20, 93.80, 92.95, 93.4835, 57023259.2016744
06/13/19, 93.336, 94.1545, 93.111, 93.515, 55916199.2171732
06/12/19, 92.699, 93.25, 92.219, 92.766, 53566699.2500662
06/11/19, 94.1625, 94.685, 92.90, 93.185, 80853878.8680457
06/10/19, 91.10, 94.2435, 90.90, 93.0315, 107420138.496118
06/07/19, 88.185, 90.3127, 87.9745, 90.2015, 96164918.6536911
06/06/19, 86.8855, 88.00, 86.3065, 87.718, 73785438.9670039
06/05/19, 87.48, 87.60, 85.7626, 86.925, 84795638.8128611
06/04/19, 84.962, 86.541, 84.0445, 86.478, 113582418.409846
06/03/19, 88.0005, 88.3145, 83.60, 84.6345, 181974157.452362
05/31/19, 89.5005, 89.7793, 88.6352, 88.7535, 92376378.7067307
05/30/19, 91.2745, 91.4735, 90.3913, 90.816, 62936999.118882
05/29/19, 91.156, 91.50, 90.3767, 90.9595, 85580498.801873
05/28/19, 91.6375, 92.4634, 91.3675, 91.8215, 63999299.1040098
05/24/19, 91.7945, 92.088, 90.8926, 91.164, 67393459.0564916
05/23/19, 91.8295, 92.20, 90.21, 90.774, 88485298.7612058
05/22/19, 92.589, 93.5743, 92.55, 92.984, 58732019.1777517
05/21/19, 93.7395, 93.95, 92.30, 92.876, 80102438.8785659
05/20/19, 92.6345, 93.389, 91.777, 92.9485, 75963958.9365046
05/17/19, 94.6525, 95.5265, 93.3665, 93.45, 94732358.673747
05/16/19, 94.297, 95.8755, 94.1145, 95.3785, 94156438.6818099
05/15/19, 91.3975, 93.7214, 91.15, 93.5575, 93852838.6860603
05/14/19, 91.975, 92.622, 90.7875, 92.006, 92582138.7038501
05/13/19, 91.828, 92.3268, 90.90, 91.134, 115668198.380645
05/10/19, 94.90, 95.1895, 92.80, 94.499, 114359878.398962
05/09/19, 95.00, 95.47, 93.80, 94.9935, 106165258.513686
05/08/19, 95.9435, 96.7685, 95.50, 95.8885, 81571358.858001
05/07/19, 96.9995, 97.455, 95.169, 96.05, 118042678.347403
05/06/19, 95.899, 97.95, 95.525, 97.5275, 108356818.483005
05/03/19, 97.45, 98.22, 96.80, 98.123, 127631278.213162
05/02/19, 95.6665, 96.0775, 94.0935, 95.041, 79258298.8903838
05/01/19, 96.6545, 97.182, 95.5275, 95.576, 62339279.1272501
04/30/19, 96.505, 96.7855, 95.3475, 96.326, 70120139.018318
04/29/19, 97.45, 97.8168, 96.7045, 96.9215, 80425098.8740486
04/26/19, 96.45, 97.55, 94.90, 97.5315, 168651257.638882
04/25/19, 95.8502, 96.1225, 95.0155, 95.1125, 121982018.292252
04/24/19, 96.25, 96.4845, 94.908, 95.0875, 73515618.9707814
04/23/19, 94.56, 96.463, 94.479, 96.1885, 92808818.7006766
04/22/19, 92.77, 94.421, 92.282, 94.3655, 67476139.0553341
04/18/19, 93.4395, 93.541, 92.974, 93.0845, 54997639.2300331
04/17/19, 93.6495, 93.8237, 93.022, 93.241, 57870339.1898152
04/16/19, 92.5675, 93.4885, 92.40, 93.152, 60892359.147507
04/15/19, 92.10, 92.3425, 90.945, 92.2435, 74488458.9571616
04/12/19, 92.42, 92.575, 92.065, 92.153, 62288259.1279644
04/11/19, 92.435, 92.4975, 92.0155, 92.2035, 53096839.2566443
04/10/19, 92.05, 92.40, 91.4405, 92.3665, 59279459.1700876
04/09/19, 92.2745, 92.6545, 91.589, 91.792, 74287358.959977
04/08/19, 91.6615, 92.51, 91.2555, 92.493, 75056818.9492045
04/05/19, 91.45, 91.929, 91.2595, 91.864, 72809518.9806667
04/04/19, 91.0325, 91.4375, 90.21, 90.943, 72477338.9853173
04/03/19, 91.336, 91.50, 90.481, 91.035, 79611798.8854348
04/02/19, 90.551, 91.00, 90.2561, 90.699, 68962299.0345278
04/01/19, 90.0055, 90.7835, 89.9365, 90.7095, 84775038.8131495
03/29/19, 89.329, 89.643, 88.8315, 89.0375, 66415859.070178
03/28/19, 88.50, 88.8965, 87.6735, 88.671, 60859159.1479718
03/27/19, 89.2065, 89.375, 87.284, 88.285, 86496018.7890558
03/26/19, 89.65, 90.2885, 88.668, 89.188, 97317598.6375536
03/25/19, 87.8895, 89.1338, 87.375, 88.713, 102076058.570935
03/22/19, 90.5085, 90.949, 88.1555, 88.2385, 127259658.218365
03/21/19, 89.813, 91.1875, 89.3641, 90.963, 115355938.385017
03/20/19, 88.497, 89.975, 88.3517, 89.8635, 125312658.245623
03/19/19, 87.6755, 89.208, 87.6755, 88.0925, 127283218.218035
03/18/19, 85.635, 87.50, 85.6315, 87.1075, 108581158.479864
03/15/19, 85.15, 85.94, 84.6565, 85.618, 151017397.885756
03/14/19, 84.56, 85.10, 84.217, 84.311, 58932359.174947
03/13/19, 84.15, 85.00, 83.9675, 84.5405, 71040819.0054285
03/12/19, 83.45, 84.2133, 83.049, 83.655, 72289958.9879406
03/11/19, 81.306, 83.6143, 81.3005, 83.531, 77527038.9146214
03/08/19, 80.2005, 81.136, 79.3285, 81.04, 93340278.6932361
03/07/19, 83.3685, 83.4877, 81.0255, 81.2975, 99140338.6120353
03/06/19, 84.7985, 84.8875, 83.414, 83.4475, 79920018.8811198
03/05/19, 85.1475, 85.39, 84.4505, 84.6215, 73630438.9691739
03/04/19, 84.25, 85.4715, 83.718, 84.8085, 123347158.27314
03/01/19, 82.7565, 83.713, 82.55, 83.5865, 99497538.6070344
02/28/19, 81.7625, 82.5885, 81.6915, 81.9915, 60517819.1527505
02/27/19, 81.409, 82.0905, 80.755, 82.0545, 62976479.1183293
02/26/19, 81.299, 81.9995, 80.8067, 81.82, 53316299.2535718
02/25/19, 82.0725, 82.73, 81.5194, 81.65, 63689239.1083507
02/22/19, 81.175, 81.747, 81.0585, 81.578, 61923819.1330665
02/21/19, 80.9925, 81.178, 80.0455, 80.972, 69667839.0246503
02/20/19, 81.50, 81.7465, 80.506, 81.105, 66751779.0654751
02/19/19, 80.05, 81.70, 80.028, 81.379, 73633118.9691364
02/15/19, 81.393, 81.4455, 80.225, 80.3975, 86877858.78371
02/14/19, 81.225, 81.895, 80.3031, 81.1325, 82410478.8462533
02/13/19, 82.35, 82.819, 81.8553, 82.00, 71206419.0031101
02/12/19, 80.20, 81.9698, 79.944, 81.9005, 97172078.6395909
02/11/19, 80.049, 80.4645, 79.30, 79.55, 66346559.0711482
02/08/19, 79.30, 79.4295, 78.3378, 79.411, 113149138.415912
02/07/19, 81.25, 81.277, 79.6455, 80.7185, 92531778.7045551
02/06/19, 83.5375, 83.613, 81.667, 82.013, 78797658.8968328
02/05/19, 82.167, 83.263, 82.125, 82.9405, 89062098.7531306
02/04/19, 81.15, 82.4815, 80.675, 81.6655, 98583738.6198277
02/01/19, 81.944, 83.653, 81.1005, 81.3115, 230124196.778261
01/31/19, 84.6425, 86.8206, 83.9541, 85.9365, 218206796.945105
01/30/19, 81.15, 83.8475, 80.984, 83.5215, 115676438.38053
01/29/19, 81.5635, 81.619, 79.536, 79.694, 92655638.7028211
01/28/19, 82.1795, 82.25, 80.7045, 81.8945, 96754218.645441
01/25/19, 83.525, 84.174, 83.0806, 83.5285, 99193578.6112899
01/24/19, 82.0535, 82.8629, 81.5893, 82.7465, 81798858.854816
01/23/19, 82.80, 82.8715, 80.60, 82.001, 104504238.536941
01/22/19, 84.05, 84.0934, 80.51, 81.6085, 128335918.203297
01/18/19, 85.60, 85.81, 84.577, 84.81, 120410058.314259
01/17/19, 84.00, 85.0085, 83.875, 84.661, 84177498.821515
01/16/19, 84.211, 85.25, 83.794, 84.189, 127337278.217278
01/15/19, 81.60, 83.758, 81.3005, 83.728, 119970198.320417
01/14/19, 80.75, 82.41, 79.7575, 80.8605, 120117758.318351
01/11/19, 82.0275, 83.0147, 81.811, 82.028, 93724438.6878579
01/10/19, 82.0505, 83.1625, 81.0808, 82.811, 130153858.177846
01/09/19, 82.649, 83.39, 82.0698, 82.971, 126976018.222336
01/08/19, 83.2345, 83.8305, 80.8305, 82.829, 177628557.5132
01/07/19, 80.1155, 81.728, 79.4593, 81.4755, 159864257.7619
01/04/19, 76.50, 79.70, 75.9155, 78.7695, 183651497.428879
01/03/19, 76.0005, 76.90, 74.8555, 75.014, 139511438.04684
01/02/19, 73.26, 77.668, 73.0465, 76.9565, 159662077.764731
12/31/18, 75.54, 76.038, 74.35, 75.0985, 139090138.052738
12/28/18, 73.6675, 75.6735, 72.45, 73.901, 176578997.527894
12/27/18, 72.71, 73.45, 69.5155, 73.082, 194440677.277831
12/26/18, 68.4445, 73.6579, 68.1505, 73.545, 208235997.084696
12/24/18, 67.30, 69.8015, 65.35, 67.198, 144399917.978401
12/21/18, 73.2495, 74.00, 68.198, 68.8725, 272806396.18071
12/20/18, 74.20, 75.475, 71.6345, 73.0415, 199836657.202287
12/19/18, 77.1525, 79.2265, 74.159, 74.754, 175843777.538187
12/18/18, 77.00, 78.3775, 76.1505, 77.574, 130459498.173567
12/17/18, 78.30, 78.8065, 75.2505, 76.0455, 176595237.527667
12/14/18, 81.90, 82.1285, 79.25, 79.5955, 127343258.217194
12/13/18, 84.00, 84.606, 82.075, 82.919, 105423238.524075
12/12/18, 83.45, 85.2495, 83.0135, 83.177, 131959358.152569
12/11/18, 83.90, 83.9734, 80.98, 82.162, 124893898.251485
12/10/18, 81.192, 82.8995, 79.5435, 82.0515, 149896157.901454
12/07/18, 85.2535, 85.9463, 81.273, 81.4565, 151522637.878683
12/06/18, 80.7435, 85.0525, 80.4925, 84.9595, 175787877.53897
12/04/18, 87.80, 88.5169, 83.25, 83.42, 173889097.565553
12/03/18, 88.473, 88.917, 86.50, 88.618, 137243198.078595
11/30/18, 83.975, 84.80, 83.325, 84.5085, 115235218.386707
11/29/18, 83.7495, 84.4995, 82.6166, 83.6785, 132264858.148292
11/28/18, 80.696, 84.0725, 80.0608, 83.8875, 169174757.631553
11/27/18, 78.7995, 79.8825, 77.9005, 79.071, 115664538.380696
11/26/18, 76.95, 79.2405, 76.211, 79.0665, 125154318.24784
11/23/18, 75.85, 76.81, 75.0905, 75.103, 54152839.2418603
11/21/18, 77.1495, 77.50, 75.75, 75.8365, 114335998.399296
11/20/18, 71.875, 76.7375, 71.00, 74.773, 217576396.95393
11/19/18, 78.8505, 79.0595, 75.168, 75.6145, 155799617.818805
11/16/18, 79.375, 80.724, 78.656, 79.6705, 121321598.301498
11/15/18, 79.0505, 81.241, 77.3255, 80.972, 168546737.640346
11/14/18, 82.816, 83.6498, 79.8535, 79.9505, 129737818.183671
11/13/18, 82.4645, 83.8532, 80.6875, 81.5585, 118665418.338684
11/12/18, 84.912, 85.4275, 81.5005, 81.8425, 136124898.094251
11/09/18, 86.625, 87.1961, 85.0935, 85.6215, 118043718.347388
11/08/18, 87.75, 89.20, 86.2555, 87.7455, 130697318.170238
11/07/18, 83.65, 87.9615, 83.2038, 87.7745, 163844657.706175
11/06/18, 80.9175, 83.25, 80.7275, 82.1405, 85147058.8079412
11/05/18, 82.8785, 82.9045, 79.818, 81.39, 112494538.425076
11/02/18, 83.9295, 84.872, 82.5915, 83.2765, 139110958.052447
11/01/18, 81.1765, 83.5224, 79.922, 83.2765, 162710797.722049
10/31/18, 78.4995, 81.1955, 78.2545, 79.9005, 187804217.370741
10/30/18, 74.308, 77.0495, 73.818, 76.521, 249201796.511175
10/29/18, 83.00, 83.2869, 74.75, 76.944, 277321596.117498
10/26/18, 82.4795, 84.923, 80.15, 82.1405, 299275575.810142
10/25/18, 85.167, 89.7405, 84.6005, 89.1085, 205714797.119993
10/24/18, 88.685, 88.8855, 82.828, 83.21, 138567658.060053
10/23/18, 87.112, 88.817, 85.70, 88.435, 134478258.117304
10/22/18, 89.20, 90.475, 87.80, 89.465, 90000298.7399958
10/19/18, 89.258, 90.455, 87.65, 88.2015, 118144918.345971
10/18/18, 91.0745, 91.5075, 88.3935, 88.536, 117479898.355281
10/17/18, 92.1395, 92.25, 90.35, 91.5865, 105903538.51735
10/16/18, 89.175, 91.194, 88.0775, 90.998, 117198358.359223
10/15/18, 89.75, 89.7525, 86.7115, 88.0475, 128743238.197595
10/12/18, 90.40, 90.4475, 87.1265, 89.4305, 188891737.355516
10/11/18, 86.20, 87.77, 84.255, 85.968, 278717416.097956
10/10/18, 92.8945, 92.928, 87.7205, 87.7625, 219777196.923119
10/09/18, 92.9995, 94.8338, 92.616, 93.516, 95457318.6635976
10/08/18, 93.70, 95.0998, 91.5332, 93.221, 147863997.929904
10/05/18, 95.8995, 96.454, 93.1415, 94.4825, 136446558.089748
10/04/18, 97.45, 97.80, 94.8285, 95.471, 145139457.968048
10/03/18, 99.085, 99.485, 97.4905, 97.638, 105062618.529123
10/02/18, 99.9995, 100.6695, 98.2885, 98.5655, 108014978.48779
10/01/18, 101.0995, 101.6595, 100.18, 100.218, 69365699.0288802
09/28/18, 100.2205, 101.326, 99.8233, 100.15, 81702698.8561622
09/27/18, 99.6619, 100.8078, 99.429, 100.649, 86587818.7877706
09/26/18, 98.425, 99.7625, 98.076, 98.7425, 86269178.7922315
09/25/18, 97.145, 98.7955, 96.9425, 98.7275, 90768138.7292461
09/24/18, 95.1895, 96.844, 93.25, 96.718, 84274558.8201562
09/21/18, 97.711, 97.8655, 95.5251, 95.7505, 137117938.080349
09/20/18, 96.929, 97.75, 96.6125, 97.215, 63098679.1166185
09/19/18, 97.025, 97.0415, 95.245, 96.321, 81136438.8640899
09/18/18, 95.9325, 97.91, 95.772, 97.0525, 85374118.8047624
09/17/18, 97.7365, 97.841, 94.3705, 95.4015, 141003838.025946
09/14/18, 99.6465, 99.6824, 97.961, 98.5095, 72840598.9802316
09/13/18, 100.00, 100.438, 99.1014, 99.4935, 72430218.9859769
09/12/18, 99.70, 100.00, 98.122, 99.50, 88280238.7640767
09/11/18, 96.4135, 99.444, 95.85, 99.3575, 100672898.590579
09/10/18, 98.55, 98.652, 96.5758, 96.9505, 90896618.7274474
09/07/18, 96.9355, 98.76, 96.8675, 97.6035, 97852858.63006
09/06/18, 100.3253, 100.375, 96.7605, 97.9155, 149773597.90317
09/05/18, 101.9055, 102.019, 99.4945, 99.741, 164411517.698239
09/04/18, 101.325, 102.525, 100.65, 101.9755, 114421858.398094
08/31/18, 100.35, 101.119, 100.237, 100.6355, 84087558.8227742
08/30/18, 99.871, 101.2785, 99.345, 100.119, 145545137.962368
08/29/18, 97.6725, 99.9345, 97.447, 99.905, 130635218.171107
08/28/18, 96.8865, 97.0889, 96.441, 96.641, 62014539.1317965
08/27/18, 95.75, 96.385, 95.4641, 96.384, 71380739.0006696
08/24/18, 95.5255, 95.8005, 95.127, 95.2695, 56017259.2157584
08/23/18, 95.3585, 95.975, 95.038, 95.145, 71259939.0023609
08/22/18, 93.832, 95.29, 93.832, 95.245, 61609279.1374701
08/21/18, 94.00, 94.8875, 93.7203, 94.171, 62112519.1304247
08/20/18, 94.5285, 94.5873, 93.3031, 93.8355, 57240319.1986355
08/17/18, 94.29, 94.40, 92.7775, 94.111, 82085998.850796
08/16/18, 95.197, 95.25, 94.1776, 94.326, 79141798.8920148
08/15/18, 95.4775, 95.8105, 93.4895, 94.131, 154013637.843809
08/14/18, 95.9695, 96.0505, 95.00, 95.9825, 79722458.8838856
08/13/18, 94.925, 96.25, 94.6835, 94.81, 110629498.451187
08/10/18, 94.4255, 94.975, 93.9107, 94.315, 72798538.9808205
08/09/18, 94.10, 95.7285, 93.874, 94.926, 97207478.6390953
08/08/18, 93.05, 94.5755, 92.725, 94.326, 79260338.8903553
08/07/18, 92.7265, 93.486, 92.3134, 93.124, 67549459.0543076
08/06/18, 91.2905, 92.3885, 90.946, 92.3875, 67836499.050289
08/03/18, 91.8872, 92.05, 91.0751, 91.1645, 69209739.0310637
08/02/18, 89.4385, 91.828, 89.30, 91.7165, 87093618.7806894
08/01/18, 89.20, 89.9219, 88.801, 89.8585, 83061918.8371331
07/31/18, 89.3245, 90.0915, 86.966, 88.872, 114774258.39316
07/30/18, 91.3665, 91.475, 88.301, 88.961, 131246418.16255
07/27/18, 93.8025, 94.0025, 90.3265, 90.8635, 193619177.289332
07/26/18, 91.95, 92.234, 90.225, 90.40, 198487417.221176
07/25/18, 91.465, 93.192, 91.132, 93.1805, 76726658.9258268
07/24/18, 91.4505, 92.00, 90.4692, 91.462, 85574458.8019576
07/23/18, 90.6105, 90.95, 88.4995, 90.10, 77769238.9112306
07/20/18, 91.2505, 91.742, 90.503, 90.685, 77831318.9103616
07/19/18, 91.473, 92.05, 90.5635, 90.6485, 93538838.6904563
07/18/18, 92.40, 92.944, 91.5635, 92.146, 97238258.6386644
07/17/18, 90.578, 92.5845, 89.8692, 92.1965, 113657618.408793
07/16/18, 91.0975, 92.0975, 90.7225, 91.1245, 109323898.469465
07/13/18, 90.1965, 90.765, 89.7613, 90.6515, 87733578.7717299
07/12/18, 88.2255, 89.90, 88.109, 89.831, 90654858.730832
07/11/18, 86.8995, 87.848, 86.70, 87.75, 64195639.1012611
07/10/18, 86.9265, 87.50, 86.55, 87.1535, 60058099.1591866
07/09/18, 86.2025, 86.978, 85.8115, 86.951, 60239759.1566434
07/06/18, 84.80, 85.7634, 84.5835, 85.5315, 53005239.2579266
07/05/18, 85.269, 85.5345, 84.1075, 84.9865, 59662199.1647292
07/03/18, 86.198, 86.25, 84.624, 84.698, 43545519.3903627
07/02/18, 84.135, 85.6945, 83.903, 85.689, 63713919.1080051
06/29/18, 85.85, 86.1705, 84.7158, 84.99, 90870158.7278178
06/28/18, 83.627, 85.275, 83.0587, 85.0725, 90593998.731684
06/27/18, 85.4055, 85.5975, 83.00, 83.0255, 97444018.6357838
06/26/18, 83.6185, 85.0783, 83.167, 84.5545, 87731698.7717562
06/25/18, 85.1255, 85.25, 82.3155, 83.1575, 150223917.896865
06/22/18, 87.131, 87.15, 85.595, 85.7835, 81502478.8589653
06/21/18, 88.00, 88.155, 85.878, 86.511, 98822958.6164786
06/20/18, 87.125, 88.1465, 87.068, 87.504, 86651818.7868746
06/19/18, 85.452, 86.8055, 85.0195, 86.739, 85802338.7987673
06/18/18, 85.313, 86.337, 85.128, 86.1895, 62154839.1298322
06/15/18, 85.70, 86.0435, 85.426, 85.7985, 95552918.6622591
06/14/18, 85.674, 86.24, 85.4435, 86.193, 63488299.1111638
06/13/18, 85.1405, 85.6875, 85.006, 85.243, 66550579.0682919
06/12/18, 84.65, 84.9755, 84.5762, 84.9375, 45184299.3674198
06/11/18, 84.0755, 84.7122, 84.0296, 84.456, 46709679.3460645
06/08/18, 84.056, 84.472, 83.6505, 84.1995, 59102199.1725692
06/07/18, 84.9279, 84.995, 83.8053, 84.465, 75313738.9456076
06/06/18, 85.2255, 85.725, 84.3235, 84.7875, 109464258.4675
06/05/18, 83.6495, 84.95, 83.503, 84.8175, 95643538.6609905
06/04/18, 82.445, 83.284, 82.2745, 83.2635, 63754739.1074336
06/01/18, 81.8515, 82.3365, 81.7545, 82.077, 66267699.0722522
05/31/18, 81.15, 81.75, 81.0675, 81.481, 63326599.1134276
05/30/18, 80.905, 81.30, 80.6465, 81.2445, 58147139.1859401
05/29/18, 80.0355, 81.0895, 80.0075, 80.6435, 76929538.9229865
05/25/18, 80.15, 80.706, 80.0224, 80.5075, 53967999.244448
05/24/18, 79.9015, 80.412, 79.419, 80.1535, 68599499.039607
05/23/18, 78.5525, 80.093, 78.317, 80.093, 67237839.0586702
05/22/18, 79.4945, 79.4945, 78.7625, 79.07, 42312779.4076211
05/21/18, 79.25, 79.6025, 78.75, 79.273, 58504699.1809342
05/18/18, 79.0665, 79.1795, 78.605, 78.7185, 52851679.2600765
05/17/18, 79.028, 79.702, 78.65, 79.088, 42952119.3986703
05/16/18, 78.875, 79.7215, 78.8335, 79.364, 51411439.2802398
05/15/18, 79.3903, 79.3903, 78.261, 78.806, 101549298.57831
05/14/18, 80.20, 80.559, 80.0025, 80.077, 50189659.2973448
05/11/18, 80.5495, 80.555, 79.8946, 80.1455, 45277999.366108
05/10/18, 80.4238, 80.78, 80.172, 80.454, 56348999.211114
05/09/18, 80.00, 80.40, 79.60, 80.40, 72746038.9815555
05/08/18, 79.75, 79.844, 79.1255, 79.6195, 61358979.1409743
05/07/18, 79.4669, 80.3475, 79.3915, 80.007, 76037098.9354806
05/04/18, 78.1225, 79.245, 78.1095, 79.0475, 68871339.0358013
05/03/18, 78.0005, 78.74, 77.301, 78.6038, 85038338.8094633
05/02/18, 79.049, 79.425, 78.318, 78.484, 87205458.7791236
05/01/18, 78.161, 79.25, 77.609, 79.113, 91441418.7198201
04/30/18, 79.125, 79.80, 78.0471, 78.3065, 109281698.470056
04/27/18, 81.7005, 81.905, 78.3693, 78.631, 261064796.345093
04/26/18, 74.2505, 76.471, 73.925, 75.898, 176022017.535692
04/25/18, 72.90, 73.4995, 70.751, 73.0085, 131745798.155559
04/24/18, 76.79, 76.975, 72.4224, 73.0045, 149893997.901484
04/23/18, 77.3348, 77.40, 75.1705, 75.893, 89308478.7496813
04/20/18, 78.06, 78.06, 75.8047, 76.3745, 110832438.448346
04/19/18, 77.161, 78.426, 76.953, 77.8455, 130474558.173356
04/18/18, 75.7325, 76.69, 75.2055, 76.392, 104550178.536298
04/17/18, 73.1148, 75.3595, 72.8511, 75.1915, 102288058.567967
04/16/18, 72.25, 72.35, 71.374, 72.075, 56172479.2135853
04/13/18, 72.4568, 72.9891, 71.226, 71.5395, 73705338.9681252
04/12/18, 71.975, 72.606, 71.753, 72.425, 62700539.1221925
04/11/18, 71.972, 72.4388, 71.2445, 71.3525, 71650658.9968908
04/10/18, 71.5995, 71.919, 70.785, 71.811, 85602878.8015597
04/09/18, 71.2515, 71.924, 70.1286, 70.304, 84164118.8217024
04/06/18, 71.4985, 72.6251, 70.013, 70.2615, 117645138.352968
04/05/18, 72.0995, 72.9779, 71.3535, 72.5875, 128269178.204232
04/04/18, 67.912, 70.7695, 67.644, 70.5285, 139646098.044955
04/03/18, 69.569, 70.70, 67.7665, 69.6025, 204624197.135261
04/02/18, 70.881, 71.0679, 67.75, 68.5995, 209272197.070189
03/29/18, 70.30, 72.7735, 68.26, 72.367, 251622396.477286
03/28/18, 72.35, 72.795, 69.3085, 71.571, 274106396.16251
03/27/18, 78.62, 78.7983, 74.116, 74.8525, 139992618.040103
03/26/18, 76.50, 77.8495, 74.9625, 77.793, 112493998.425084
03/23/18, 76.9505, 77.451, 74.768, 74.778, 160120657.758311
03/22/18, 78.2735, 78.6925, 77.12, 77.246, 126411018.230246
03/21/18, 79.3225, 79.50, 78.1585, 79.093, 95015418.6697841
03/20/18, 77.517, 79.35, 77.2705, 79.3255, 91631358.717161
03/19/18, 77.7265, 78.083, 76.2675, 77.2465, 131615318.157386
03/16/18, 79.1725, 79.472, 78.375, 78.584, 108500238.480997
03/15/18, 79.75, 79.8455, 78.9055, 79.116, 81394018.8604837
03/14/18, 79.85, 80.3222, 79.5445, 79.55, 85188858.807356
03/13/18, 80.798, 80.877, 78.9005, 79.409, 130637838.17107
03/12/18, 79.63, 80.2665, 79.335, 79.9195, 103484218.551221
03/09/18, 78.175, 78.947, 77.954, 78.9445, 90684998.73041
03/08/18, 77.50, 77.744, 77.2625, 77.593, 77252298.9184678
03/07/18, 76.326, 77.295, 76.1255, 77.25, 83482458.8312456
03/06/18, 76.66, 77.1065, 76.40, 76.882, 91234358.722719
03/05/18, 74.712, 76.269, 74.05, 76.1805, 104678678.534499
03/02/18, 73.455, 75.0525, 72.7505, 75.0125, 131751278.155482
03/01/18, 75.68, 75.9245, 73.25, 74.6725, 136704578.086136
02/28/18, 75.9755, 76.435, 75.60, 75.6225, 90300458.7357936
02/27/18, 76.225, 76.339, 75.3605, 75.599, 96175518.6535427
02/26/18, 75.46, 76.142, 75.35, 76.0975, 99099758.6126034
02/23/18, 74.767, 75.00, 74.325, 75.00, 88362058.7629312
02/22/18, 74.768, 75.127, 73.788, 74.267, 97161258.6397424
02/21/18, 74.25, 75.1745, 73.946, 74.146, 126087018.234782
02/20/18, 72.3245, 74.4385, 72.3245, 73.4175, 129984558.180216
02/16/18, 72.8685, 73.29, 72.328, 72.4345, 89451278.7476821
02/15/18, 73.3445, 73.447, 71.8419, 73.088, 113054718.417234
02/14/18, 70.3125, 72.603, 70.168, 72.5525, 119184178.331422
02/13/18, 69.2965, 70.986, 69.1765, 70.7255, 118357578.342994
02/12/18, 68.2335, 69.6905, 67.2005, 69.3115, 134778878.113096
02/09/18, 68.6745, 69.175, 63.2965, 66.98, 282830396.040374
02/08/18, 71.4838, 71.6876, 67.497, 67.525, 171571137.598004
02/07/18, 72.45, 73.0495, 70.7575, 70.839, 143254817.994433
02/06/18, 68.073, 72.1995, 67.5895, 72.142, 221336396.90129
02/05/18, 70.131, 72.949, 66.036, 69.50, 229899796.781403
02/02/18, 73.8695, 74.90, 70.70, 71.4975, 222514396.884798
02/01/18, 72.25, 72.994, 69.2571, 69.50, 182276157.448134
01/31/18, 72.565, 73.629, 72.502, 72.5445, 128493858.201086
01/30/18, 70.1585, 71.9625, 69.60, 71.891, 117438838.355856
01/29/18, 70.459, 71.5695, 70.022, 70.884, 114037958.403469
01/26/18, 69.6005, 70.1265, 69.0455, 70.1025, 97146198.6399532
01/25/18, 68.40, 68.917, 67.881, 68.8975, 95060238.6691567
01/24/18, 68.741, 69.408, 66.90, 67.8755, 136149138.093912
01/23/18, 66.9045, 68.245, 66.867, 68.127, 103386118.552594
01/22/18, 64.8585, 66.3725, 64.8332, 66.3655, 82801218.8407829
01/19/18, 65.60, 65.65, 64.6495, 64.729, 91570718.71801
01/18/18, 64.6975, 65.23, 64.201, 64.666, 80538298.8724638
01/17/18, 65.612, 65.70, 64.044, 64.75, 105075078.528949
01/16/18, 66.15, 66.997, 64.615, 65.243, 144414017.978204
01/12/18, 63.6696, 65.288, 63.6696, 65.26, 108874598.475756
01/11/18, 62.987, 63.8385, 62.823, 63.834, 62500959.1249866
01/10/18, 62.2575, 62.7165, 61.8615, 62.7165, 53720339.2479152
01/09/18, 62.845, 62.9665, 62.088, 62.635, 73226318.9748315
01/08/18, 61.80, 62.654, 61.6015, 62.3435, 85589498.801747
01/05/18, 60.8755, 61.457, 60.50, 61.457, 70894859.007472
01/04/18, 60.25, 60.7935, 60.233, 60.4795, 60441779.1538151
01/03/18, 59.415, 60.2745, 59.415, 60.21, 62175859.129538
01/02/18, 58.60, 59.50, 58.5255, 59.4505, 53889879.2455417